Z, N, experiment, who missed, value
0,1,2003,Erik,1e-06
1,2,2003,Erik,8.481815
1,3,2003,Erik,5.601421
3,1,2003,Erik,4.615087
2,1,2003,Erik,7.718073
1,4,2003,Erik,6.681816
1,5,2003,Erik,5.781817
1,0,2003,Erik,1.4e-05
1,1,2003,Erik,2.224581
32,54,2016,Erik,718.498604
70,103,2016,Erik,1399.125908
74,106,2016,Erik,1444.580691
75,104,2016,Erik,1432.675205
21,28,2016,Erik,425.626848
80,125,2016,Erik,1614.321265
63,76,2016,Erik,1138.024248
29,44,2016,Erik,625.505985
33,41,2016,Erik,642.320588
72,92,2016,Erik,1319.186661
54,92,2016,Erik,1184.121371
92,135,2016,Erik,1731.16906
41,57,2016,Erik,842.438097
88,124,2016,Erik,1642.473054
76,88,2016,Erik,1284.66093
45,61,2016,Erik,906.717337
49,58,2016,Erik,908.860957
67,80,2016,Erik,1189.824509
13,20,2016,Erik,264.680541
86,129,2016,Erik,1669.221267
3,2,2016,Erik,26.330704
60,81,2016,Erik,1175.308471
70,94,2016,Erik,1329.95024
53,62,2016,Erik,963.075704
71,100,2016,Erik,1382.478109
90,130,2016,Erik,1690.610863
75,97,2016,Erik,1371.128806
80,116,2016,Erik,1551.217605
48,77,2016,Erik,1044.710846
29,37,2016,Erik,576.277595
33,34,2016,Erik,571.548534
73,91,2016,Erik,1309.868623
36,41,2016,Erik,663.496931
54,87,2016,Erik,1164.007138
9,9,2016,Erik,137.369612
84,128,2016,Erik,1655.772905
37,54,2016,Erik,783.288643
77,95,2016,Erik,1355.406403
24,21,2016,Erik,363.948111
42,67,2016,Erik,913.581659
45,54,2016,Erik,849.436785
66,93,2016,Erik,1300.872699
49,51,2016,Erik,833.110442
67,89,2016,Erik,1272.188242
13,13,2016,Erik,211.894087
45,71,2016,Erik,971.804011
84,102,2016,Erik,1431.448179
70,81,2016,Erik,1205.548031
71,93,2016,Erik,1322.792859
90,141,2016,Erik,1760.248569
75,102,2016,Erik,1416.217459
93,144,2016,Erik,1795.273709
80,107,2016,Erik,1474.867733
7,15,2016,Erik,140.327861
48,68,2016,Erik,987.43337
16,29,2016,Erik,354.681566
73,92,2016,Erik,1320.504994
94,145,2016,Erik,1806.917389
41,43,2016,Erik,707.133765
106,156,2016,Erik,1923.392215
37,63,2016,Erik,824.432531
24,28,2016,Erik,456.35178
45,47,2016,Erik,770.355346
10,19,2016,Erik,207.845088
66,84,2016,Erik,1228.373303
67,94,2016,Erik,1314.263137
83,132,2016,Erik,1668.770383
64,98,2016,Erik,1321.764585
45,64,2016,Erik,929.568119
84,109,2016,Erik,1500.373696
71,90,2016,Erik,1296.498879
57,69,2016,Erik,1047.366539
80,98,2016,Erik,1390.423843
26,34,2016,Erik,525.351432
7,4,2016,Erik,59.004607
16,20,2016,Erik,308.714247
72,113,2016,Erik,1475.185632
94,152,2016,Erik,1846.610095
41,44,2016,Erik,720.266042
22,30,2016,Erik,451.967024
51,71,2016,Erik,1033.137168
37,56,2016,Erik,794.306143
42,53,2016,Erik,821.62907
80,128,2016,Erik,1629.512885
84,116,2016,Erik,1565.489364
87,137,2016,Erik,1718.163618
57,78,2016,Erik,1131.678249
58,68,2016,Erik,1042.431296
99,154,2016,Erik,1885.581918
63,96,2016,Erik,1300.095849
33,53,2016,Erik,727.278491
54,56,2016,Erik,897.521609
61,74,2016,Erik,1111.957675
30,49,2016,Erik,667.596417
51,76,2016,Erik,1071.857865
34,44,2016,Erik,679.989416
52,70,2016,Erik,1034.333925
42,60,2016,Erik,873.982499
10,5,2016,Erik,73.031065
55,72,2016,Erik,1068.269209
84,115,2016,Erik,1555.684769
85,107,2016,Erik,1480.268873
50,63,2016,Erik,961.270402
87,134,2016,Erik,1702.42099
57,87,2016,Erik,1192.526446
58,79,2016,Erik,1146.313823
4,7,2016,Erik,65.477998
46,51,2016,Erik,824.736359
68,100,2016,Erik,1365.773931
94,138,2016,Erik,1760.643306
62,83,2016,Erik,1202.487764
51,85,2016,Erik,1122.307129
34,39,2016,Erik,630.83427
52,77,2016,Erik,1087.523497
37,42,2016,Erik,679.490776
10,12,2016,Erik,177.770382
85,131,2016,Erik,1674.649691
55,65,2016,Erik,999.418469
38,59,2016,Erik,821.770634
25,22,2016,Erik,382.359989
84,122,2016,Erik,1615.164185
85,116,2016,Erik,1566.626026
50,54,2016,Erik,871.927456
57,88,2016,Erik,1198.583428
58,86,2016,Erik,1197.32633
96,141,2016,Erik,1788.551284
46,58,2016,Erik,892.824846
68,99,2016,Erik,1358.002622
72,102,2016,Erik,1403.925816
19,20,2016,Erik,333.72426
94,141,2016,Erik,1781.037989
22,35,2016,Erik,476.769426
61,92,2016,Erik,1257.837146
62,90,2016,Erik,1253.098274
30,35,2016,Erik,567.077691
52,84,2016,Erik,1131.443185
76,114,2016,Erik,1512.80086
42,46,2016,Erik,750.104531
81,121,2016,Erik,1593.017454
49,80,2016,Erik,1075.703409
38,50,2016,Erik,768.468937
97,153,2016,Erik,1868.993191
25,31,2016,Erik,489.347014
64,78,2016,Erik,1163.017341
85,125,2016,Erik,1640.450626
89,122,2016,Erik,1626.218221
58,81,2016,Erik,1163.485733
101,157,2016,Erik,1911.697588
46,61,2016,Erik,916.016334
29,27,2016,Erik,467.949173
69,100,2016,Erik,1371.346956
72,109,2016,Erik,1451.983391
73,97,2016,Erik,1365.151395
19,29,2016,Erik,404.843408
93,126,2016,Erik,1665.404991
61,85,2016,Erik,1210.144406
62,93,2016,Erik,1272.740444
30,42,2016,Erik,625.810383
52,83,2016,Erik,1126.675378
34,57,2016,Erik,758.470729
17,23,2016,Erik,337.110867
76,105,2016,Erik,1445.001191
77,117,2016,Erik,1538.127735
23,25,2016,Erik,413.907293
81,114,2016,Erik,1538.693261
82,128,2016,Erik,1645.553951
49,73,2016,Erik,1029.939205
55,87,2016,Erik,1173.613374
38,53,2016,Erik,788.4132
97,146,2016,Erik,1826.75425
43,58,2016,Erik,867.907381
11,21,2016,Erik,231.036358
58,88,2016,Erik,1208.672485
96,155,2016,Erik,1874.148802
46,68,2016,Erik,967.633863
68,81,2016,Erik,1203.169334
51,59,2016,Erik,925.395717
73,106,2016,Erik,1438.012914
19,34,2016,Erik,425.211242
27,34,2016,Erik,534.125465
30,45,2016,Erik,644.437759
34,48,2016,Erik,712.842626
55,63,2016,Erik,977.796561
76,96,2016,Erik,1366.053209
77,110,2016,Erik,1488.646174
23,22,2016,Erik,377.101661
81,107,2016,Erik,1476.375188
82,123,2016,Erik,1614.239098
49,66,2016,Erik,979.403585
50,80,2016,Erik,1090.28688
35,51,2016,Erik,742.383935
74,90,2016,Erik,1304.039249
75,88,2016,Erik,1282.952083
38,44,2016,Erik,708.129465
43,51,2016,Erik,809.221878
64,92,2016,Erik,1281.591191
11,10,2016,Erik,163.076643
90,122,2016,Erik,1628.598612
96,146,2016,Erik,1823.351195
78,102,2016,Erik,1426.251121
43,64,2016,Erik,908.740608
47,71,2016,Erik,995.199651
68,88,2016,Erik,1270.138654
69,86,2016,Erik,1253.699207
5,4,2016,Erik,56.313708
62,79,2016,Erik,1165.485084
47,52,2016,Erik,839.003292
77,103,2016,Erik,1430.575103
81,108,2016,Erik,1486.726206
82,114,2016,Erik,1543.17531
50,75,2016,Erik,1055.694461
35,56,2016,Erik,768.215566
38,39,2016,Erik,649.566258
64,83,2016,Erik,1211.771361
65,91,2016,Erik,1278.364741
14,12,2016,Erik,206.042618
39,60,2016,Erik,839.199308
78,105,2016,Erik,1451.801684
79,101,2016,Erik,1416.65842
44,73,2016,Erik,969.411405
47,76,2016,Erik,1025.550526
69,95,2016,Erik,1331.61919
2,8,2016,Erik,29.95137
24,37,2016,Erik,516.049628
5,13,2016,Erik,89.579423
61,96,2016,Erik,1281.771637
102,153,2016,Erik,1891.580859
47,61,2016,Erik,922.539443
30,31,2016,Erik,525.229303
20,17,2016,Erik,296.128167
77,96,2016,Erik,1366.366787
23,36,2016,Erik,496.046111
81,101,2016,Erik,1418.938807
82,109,2016,Erik,1497.701526
50,66,2016,Erik,988.682194
31,36,2016,Erik,583.405023
18,27,2016,Erik,378.898107
91,140,2016,Erik,1759.857723
75,86,2016,Erik,1261.647406
40,52,2016,Erik,799.726953
65,92,2016,Erik,1287.108692
14,23,2016,Erik,294.257611
39,53,2016,Erik,796.86675
78,112,2016,Erik,1509.834873
79,98,2016,Erik,1388.36406
26,26,2016,Erik,447.698234
44,64,2016,Erik,920.941029
83,103,2016,Erik,1439.477698
98,156,2016,Erik,1892.104706
12,25,2016,Erik,261.039292
68,78,2016,Erik,1169.535778
69,88,2016,Erik,1271.925203
56,67,2016,Erik,1024.616404
2,3,2016,Erik,27.56069
66,100,2016,Erik,1350.789579
47,58,2016,Erik,897.789562
52,55,2016,Erik,883.489022
20,24,2016,Erik,380.960002
59,79,2016,Erik,1150.818142
82,100,2016,Erik,1411.653659
28,40,2016,Erik,590.408106
32,43,2016,Erik,652.17115
31,45,2016,Erik,655.464476
35,38,2016,Erik,625.472025
18,18,2016,Erik,306.716989
91,133,2016,Erik,1712.920624
40,59,2016,Erik,845.387767
8,4,2016,Erik,58.682537
65,85,2016,Erik,1230.951757
53,65,2016,Erik,991.922908
39,50,2016,Erik,775.544656
95,145,2016,Erik,1811.284487
78,123,2016,Erik,1585.053634
79,107,2016,Erik,1471.17567
44,63,2016,Erik,913.070873
98,151,2016,Erik,1863.366734
83,108,2016,Erik,1489.927422
48,58,2016,Erik,905.139849
12,16,2016,Erik,231.62775
56,74,2016,Erik,1092.72222
62,96,2016,Erik,1292.013822
86,122,2016,Erik,1621.209072
89,134,2016,Erik,1712.450368
52,62,2016,Erik,961.337491
60,78,2016,Erik,1148.920197
28,39,2016,Erik,582.615654
32,34,2016,Erik,569.279356
31,42,2016,Erik,634.653217
35,47,2016,Erik,711.965072
8,11,2016,Erik,143.763518
63,80,2016,Erik,1179.152777
53,74,2016,Erik,1072.57763
36,54,2016,Erik,773.213871
54,72,2016,Erik,1063.887032
39,43,2016,Erik,699.40117
79,112,2016,Erik,1513.615312
44,54,2016,Erik,844.791358
83,117,2016,Erik,1569.700692
12,15,2016,Erik,223.124198
56,81,2016,Erik,1149.681136
86,125,2016,Erik,1644.522838
89,143,2016,Erik,1763.763692
59,93,2016,Erik,1244.440734
6,9,2016,Erik,106.502626
88,134,2016,Erik,1708.667077
70,106,2016,Erik,1419.279951
91,147,2016,Erik,1798.887314
40,41,2016,Erik,679.943567
63,89,2016,Erik,1250.441593
53,83,2016,Erik,1135.780797
36,61,2016,Erik,802.177338
54,67,2016,Erik,1016.864467
79,121,2016,Erik,1579.699361
83,122,2016,Erik,1610.75103
56,88,2016,Erik,1190.226248
27,28,2016,Erik,476.829375
67,101,2016,Erik,1363.626264
86,116,2016,Erik,1569.400208
87,126,2016,Erik,1654.680585
89,144,2016,Erik,1769.681396
91,123,2016,Erik,1636.584208
59,82,2016,Erik,1177.913818
60,92,2016,Erik,1250.049745
25,38,2016,Erik,535.821754
32,48,2016,Erik,690.20608
88,141,2016,Erik,1746.924527
74,96,2016,Erik,1361.522229
75,114,2016,Erik,1504.783147
93,132,2016,Erik,1711.701849
21,18,2016,Erik,312.525113
48,80,2016,Erik,1062.818595
72,86,2016,Erik,1261.042638
36,36,2016,Erik,606.911474
54,90,2016,Erik,1176.896086
92,137,2016,Erik,1745.146604
41,55,2016,Erik,828.373679
95,140,2016,Erik,1777.812637
88,118,2016,Erik,1590.28064
15,16,2016,Erik,262.9164
41,64,2016,Erik,885.328275
86,143,2016,Erik,1741.688756
87,119,2016,Erik,1595.870928
60,91,2016,Erik,1242.772008
70,100,2016,Erik,1378.124648
71,110,2016,Erik,1450.160303
74,107,2016,Erik,1451.249712
75,107,2016,Erik,1455.750939
21,27,2016,Erik,415.498107
80,126,2016,Erik,1621.050644
63,79,2016,Erik,1168.153629
29,43,2016,Erik,618.230229
33,40,2016,Erik,634.341963
72,93,2016,Erik,1327.074981
36,35,2016,Erik,591.226786
41,56,2016,Erik,836.447957
9,7,2016,Erik,111.419836
88,125,2016,Erik,1649.999847
15,25,2016,Erik,319.23209
45,60,2016,Erik,900.134635
49,57,2016,Erik,897.833512
67,83,2016,Erik,1220.227251
13,19,2016,Erik,259.21121
86,134,2016,Erik,1697.797218
3,5,2016,Erik,41.27774
59,96,2016,Erik,1260.311892
60,82,2016,Erik,1185.137139
70,95,2016,Erik,1337.299522
71,103,2016,Erik,1404.433863
90,131,2016,Erik,1696.41091
75,96,2016,Erik,1362.770662
21,36,2016,Erik,464.632001
80,117,2016,Erik,1558.003211
48,78,2016,Erik,1051.690871
29,36,2016,Erik,569.211665
33,33,2016,Erik,558.915068
73,90,2016,Erik,1301.049134
36,42,2016,Erik,675.577081
54,84,2016,Erik,1151.568118
78,94,2016,Erik,1348.351621
9,8,2016,Erik,128.219705
84,129,2016,Erik,1660.12832
37,53,2016,Erik,776.836692
77,94,2016,Erik,1346.367741
24,22,2016,Erik,381.976197
42,64,2016,Erik,898.836237
45,53,2016,Erik,838.959372
66,90,2016,Erik,1278.020575
67,88,2016,Erik,1264.677499
13,12,2016,Erik,200.528593
3,10,2016,Erik,45.599246
45,70,2016,Erik,967.226402
84,103,2016,Erik,1440.791874
70,86,2016,Erik,1257.628
71,92,2016,Erik,1314.87058
90,138,2016,Erik,1743.079522
57,67,2016,Erik,1026.509046
80,108,2016,Erik,1485.023035
7,14,2016,Erik,138.789432
48,69,2016,Erik,993.210597
94,150,2016,Erik,1836.056233
41,42,2016,Erik,695.399813
79,93,2016,Erik,1335.780374
84,136,2016,Erik,1694.7105
51,65,2016,Erik,983.196041
37,62,2016,Erik,821.235292
24,29,2016,Erik,464.290854
10,16,2016,Erik,201.549821
66,85,2016,Erik,1235.887426
83,135,2016,Erik,1681.397622
28,25,2016,Erik,435.505347
84,110,2016,Erik,1511.124351
71,85,2016,Erik,1247.27949
57,68,2016,Erik,1038.081237
80,99,2016,Erik,1399.107394
26,35,2016,Erik,530.930226
7,7,2016,Erik,104.658703
99,148,2016,Erik,1847.586161
33,51,2016,Erik,718.027273
16,21,2016,Erik,313.01785
72,114,2016,Erik,1481.36136
22,31,2016,Erik,457.399583
81,132,2016,Erik,1654.037924
51,70,2016,Erik,1026.330801
37,39,2016,Erik,644.952918
42,50,2016,Erik,796.511835
84,117,2016,Erik,1573.140106
87,136,2016,Erik,1713.458522
71,82,2016,Erik,1217.738836
57,77,2016,Erik,1122.182265
58,69,2016,Erik,1051.661392
26,42,2016,Erik,571.995872
33,52,2016,Erik,723.434175
16,12,2016,Erik,209.406366
54,57,2016,Erik,908.065836
22,22,2016,Erik,375.475229
61,73,2016,Erik,1100.573033
103,153,2016,Erik,1893.93048
51,79,2016,Erik,1091.658017
34,45,2016,Erik,686.952249
52,71,2016,Erik,1041.262939
42,61,2016,Erik,879.448425
67,79,2016,Erik,1177.234318
55,75,2016,Erik,1093.142752
65,101,2016,Erik,1346.871912
84,124,2016,Erik,1630.587743
85,106,2016,Erik,1471.259492
50,60,2016,Erik,934.570299
87,129,2016,Erik,1672.370741
57,86,2016,Erik,1187.776991
58,76,2016,Erik,1121.01417
46,48,2016,Erik,788.81883
68,101,2016,Erik,1371.777181
72,96,2016,Erik,1355.013979
94,139,2016,Erik,1767.025995
62,80,2016,Erik,1176.608962
51,84,2016,Erik,1119.419254
34,36,2016,Erik,600.32282
52,78,2016,Erik,1095.942957
37,41,2016,Erik,667.551892
76,116,2016,Erik,1526.117916
10,13,2016,Erik,182.97103
85,130,2016,Erik,1670.090795
55,64,2016,Erik,989.763563
38,56,2016,Erik,807.820938
84,123,2016,Erik,1622.192604
85,115,2016,Erik,1556.753162
50,55,2016,Erik,881.709719
58,87,2016,Erik,1202.0328
96,142,2016,Erik,1796.424499
46,59,2016,Erik,899.918947
72,103,2016,Erik,1410.634315
19,23,2016,Erik,359.15305
22,32,2016,Erik,464.26182
61,91,2016,Erik,1250.372191
62,91,2016,Erik,1258.966675
30,32,2016,Erik,538.11969
52,85,2016,Erik,1134.392986
17,29,2016,Erik,371.840359
76,115,2016,Erik,1518.559592
42,47,2016,Erik,760.50424
81,120,2016,Erik,1586.146759
85,139,2016,Erik,1713.765885
55,89,2016,Erik,1182.512813
38,51,2016,Erik,774.827654
97,152,2016,Erik,1864.025467
25,30,2016,Erik,482.076571
64,79,2016,Erik,1172.360444
85,124,2016,Erik,1633.289745
89,121,2016,Erik,1616.559418
1,5,2016,Erik,5.769853
101,156,2016,Erik,1906.320009
46,66,2016,Erik,954.321846
29,26,2016,Erik,452.870225
51,53,2016,Erik,858.691696
69,99,2016,Erik,1363.313347
72,110,2016,Erik,1458.701386
73,96,2016,Erik,1357.232842
19,28,2016,Erik,400.199589
61,84,2016,Erik,1203.886253
27,44,2016,Erik,596.310504
30,43,2016,Erik,631.329617
34,54,2016,Erik,747.560846
17,22,2016,Erik,331.281941
76,106,2016,Erik,1454.13165
77,116,2016,Erik,1532.060945
23,24,2016,Erik,403.364899
81,113,2016,Erik,1529.404186
82,129,2016,Erik,1649.389714
49,72,2016,Erik,1024.13112
55,86,2016,Erik,1169.505029
38,42,2016,Erik,686.288235
40,64,2016,Erik,873.847799
43,61,2016,Erik,888.280184
11,20,2016,Erik,229.35916
58,89,2016,Erik,1213.122305
46,69,2016,Erik,972.640624
68,82,2016,Erik,1215.33035
51,58,2016,Erik,916.125642
27,37,2016,Erik,555.233682
100,152,2016,Erik,1878.923178
34,49,2016,Erik,718.660592
17,15,2016,Erik,258.317185
55,62,2016,Erik,967.808968
76,97,2016,Erik,1374.318942
77,109,2016,Erik,1480.19783
81,106,2016,Erik,1468.412057
82,120,2016,Erik,1592.195519
49,65,2016,Erik,970.365722
50,81,2016,Erik,1095.490563
31,49,2016,Erik,680.676774
35,50,2016,Erik,737.255834
74,91,2016,Erik,1312.73583
75,91,2016,Erik,1313.05727
38,45,2016,Erik,716.988336
43,50,2016,Erik,800.598349
8,16,2016,Erik,168.952563
64,93,2016,Erik,1287.951068
11,13,2016,Erik,193.523867
14,10,2016,Erik,172.013772
90,123,2016,Erik,1636.660652
96,147,2016,Erik,1829.044279
78,103,2016,Erik,1434.268073
43,67,2016,Erik,925.239158
98,139,2016,Erik,1778.294782
46,76,2016,Erik,1013.329624
47,70,2016,Erik,989.756555
68,89,2016,Erik,1277.411902
69,85,2016,Erik,1243.429107
5,3,2016,Erik,37.737311
62,76,2016,Erik,1136.834983
47,55,2016,Erik,868.751463
77,102,2016,Erik,1422.607973
81,99,2016,Erik,1398.854892
82,115,2016,Erik,1550.643717
50,72,2016,Erik,1035.525464
64,84,2016,Erik,1220.755063
65,90,2016,Erik,1271.452676
14,13,2016,Erik,219.357424
39,63,2016,Erik,853.936614
78,110,2016,Erik,1494.206716
79,100,2016,Erik,1407.95016
69,94,2016,Erik,1324.37256
24,38,2016,Erik,522.540678
5,12,2016,Erik,89.584422
47,60,2016,Erik,915.268032
30,28,2016,Erik,486.965191
20,18,2016,Erik,313.121918
59,73,2016,Erik,1094.483769
81,100,2016,Erik,1410.338298
82,106,2016,Erik,1471.071657
50,67,2016,Erik,995.625293
31,39,2016,Erik,609.650068
18,24,2016,Erik,359.336032
91,143,2016,Erik,1777.15716
40,53,2016,Erik,806.461275
65,83,2016,Erik,1214.240483
14,20,2016,Erik,283.428998
53,71,2016,Erik,1046.745502
39,52,2016,Erik,790.330235
78,113,2016,Erik,1516.297978
79,109,2016,Erik,1487.974762
26,27,2016,Erik,458.386719
44,65,2016,Erik,926.089398
68,79,2016,Erik,1179.892891
56,68,2016,Erik,1036.122544
66,101,2016,Erik,1356.206734
20,25,2016,Erik,388.374818
59,78,2016,Erik,1142.814595
82,101,2016,Erik,1420.475083
28,41,2016,Erik,594.994258
32,44,2016,Erik,661.598392
31,44,2016,Erik,649.561098
35,41,2016,Erik,656.327572
18,19,2016,Erik,315.504431
74,116,2016,Erik,1510.040068
91,132,2016,Erik,1706.390908
40,60,2016,Erik,852.215905
110,160,2016,Erik,1958.520915
8,5,2016,Erik,75.553036
65,84,2016,Erik,1223.263388
53,64,2016,Erik,983.316619
39,45,2016,Erik,721.374145
95,144,2016,Erik,1805.332914
78,120,2016,Erik,1567.002965
79,106,2016,Erik,1463.247643
44,56,2016,Erik,861.936525
98,148,2016,Erik,1844.785272
83,111,2016,Erik,1516.93084
48,59,2016,Erik,913.06929
12,17,2016,Erik,235.283051
56,75,2016,Erik,1100.215725
62,97,2016,Erik,1297.042672
86,123,2016,Erik,1628.565847
89,133,2016,Erik,1705.583458
52,63,2016,Erik,969.582999
56,58,2016,Erik,922.225016
20,32,2016,Erik,438.328136
59,71,2016,Erik,1074.289134
60,79,2016,Erik,1156.987147
28,32,2016,Erik,526.846866
32,35,2016,Erik,578.401872
88,128,2016,Erik,1671.268281
35,46,2016,Erik,704.372127
8,12,2016,Erik,151.371522
63,83,2016,Erik,1206.242972
53,73,2016,Erik,1063.433722
36,55,2016,Erik,777.299904
54,73,2016,Erik,1071.132948
39,42,2016,Erik,688.978673
79,115,2016,Erik,1536.243297
44,55,2016,Erik,852.263199
9,19,2016,Erik,185.214308
83,116,2016,Erik,1562.056185
48,50,2016,Erik,821.073583
12,8,2016,Erik,134.560669
15,13,2016,Erik,221.409645
56,82,2016,Erik,1158.292857
86,114,2016,Erik,1550.987702
89,142,2016,Erik,1759.083944
59,92,2016,Erik,1239.390983
60,70,2016,Erik,1068.927576
6,14,2016,Erik,119.228797
88,135,2016,Erik,1713.825274
70,107,2016,Erik,1424.846352
91,146,2016,Erik,1794.182415
74,102,2016,Erik,1413.300907
93,138,2016,Erik,1756.092948
40,42,2016,Erik,694.186033
38,64,2016,Erik,845.705074
63,88,2016,Erik,1244.134875
53,82,2016,Erik,1131.94341
54,64,2016,Erik,988.248584
95,134,2016,Erik,1731.860139
79,120,2016,Erik,1573.481692
44,46,2016,Erik,756.879749
9,20,2016,Erik,186.877036
83,125,2016,Erik,1632.770703
12,7,2016,Erik,112.138654
56,89,2016,Erik,1194.04662
27,31,2016,Erik,506.860604
66,78,2016,Erik,1167.205879
67,100,2016,Erik,1357.774401
86,117,2016,Erik,1577.35059
87,121,2016,Erik,1613.437067
91,122,2016,Erik,1628.33578
59,85,2016,Erik,1196.862644
60,93,2016,Erik,1255.301952
25,37,2016,Erik,529.38734
32,49,2016,Erik,695.033779
88,142,2016,Erik,1753.041502
70,98,2016,Erik,1362.799994
71,112,2016,Erik,1461.221639
74,97,2016,Erik,1369.388805
75,117,2016,Erik,1522.606883
80,120,2016,Erik,1581.180206
48,81,2016,Erik,1066.706069
72,87,2016,Erik,1269.864166
36,37,2016,Erik,617.593968
54,91,2016,Erik,1179.58844
92,138,2016,Erik,1752.813474
41,54,2016,Erik,821.485803
95,143,2016,Erik,1798.230533
104,157,2016,Erik,1923.93274
88,119,2016,Erik,1598.373012
15,19,2016,Erik,287.238511
13,25,2016,Erik,280.329891
87,118,2016,Erik,1587.867007
86,140,2016,Erik,1728.090011
60,84,2016,Erik,1199.077751
70,101,2016,Erik,1384.738857
71,105,2016,Erik,1418.38854
74,104,2016,Erik,1429.208876
75,106,2016,Erik,1448.750952
21,26,2016,Erik,407.259542
39,64,2016,Erik,859.29233
80,127,2016,Erik,1624.663605
63,78,2016,Erik,1158.694471
48,72,2016,Erik,1014.963515
29,42,2016,Erik,613.087039
33,47,2016,Erik,692.102934
72,94,2016,Erik,1337.369775
36,44,2016,Erik,695.434788
54,82,2016,Erik,1141.882408
92,129,2016,Erik,1687.26662
41,63,2016,Erik,879.160418
9,6,2016,Erik,97.46202
88,126,2016,Erik,1658.323988
15,24,2016,Erik,315.821036
76,90,2016,Erik,1305.812976
45,59,2016,Erik,891.171422
49,56,2016,Erik,888.794632
67,82,2016,Erik,1211.85663
13,18,2016,Erik,254.991231
86,135,2016,Erik,1702.009193
3,4,2016,Erik,39.245121
60,83,2016,Erik,1191.26071
45,76,2016,Erik,997.674606
70,92,2016,Erik,1312.616533
53,60,2016,Erik,941.714778
71,102,2016,Erik,1397.673266
90,128,2016,Erik,1676.770586
75,99,2016,Erik,1389.407432
93,149,2016,Erik,1823.085026
21,35,2016,Erik,460.417068
80,118,2016,Erik,1566.48861
7,16,2016,Erik,143.443555
48,79,2016,Erik,1056.252789
29,35,2016,Erik,559.301232
33,32,2016,Erik,545.755724
16,24,2016,Erik,333.173233
73,89,2016,Erik,1290.223381
36,43,2016,Erik,683.912381
54,85,2016,Erik,1155.311779
78,95,2016,Erik,1357.258929
9,15,2016,Erik,179.126117
84,130,2016,Erik,1666.0161
37,52,2016,Erik,771.113358
24,23,2016,Erik,395.138526
42,65,2016,Erik,903.324587
45,52,2016,Erik,830.310401
83,129,2016,Erik,1654.303705
66,91,2016,Erik,1284.987487
67,91,2016,Erik,1289.039507
13,11,2016,Erik,183.590165
45,69,2016,Erik,960.635878
70,87,2016,Erik,1265.855495
71,95,2016,Erik,1340.314106
90,139,2016,Erik,1748.336241
80,109,2016,Erik,1492.51884
7,9,2016,Erik,117.980848
48,70,2016,Erik,1001.565167
94,151,2016,Erik,1840.755399
79,92,2016,Erik,1325.953345
81,130,2016,Erik,1645.757098
84,137,2016,Erik,1698.271524
106,154,2016,Erik,1909.067798
51,64,2016,Erik,975.305976
37,61,2016,Erik,816.411977
24,30,2016,Erik,474.009938
10,17,2016,Erik,203.051344
66,82,2016,Erik,1210.780618
83,134,2016,Erik,1677.812379
60,97,2016,Erik,1276.71847
28,26,2016,Erik,453.224149
84,111,2016,Erik,1519.247273
90,146,2016,Erik,1788.165852
71,84,2016,Erik,1238.053675
57,75,2016,Erik,1104.544629
80,100,2016,Erik,1410.501025
26,32,2016,Erik,509.950892
7,6,2016,Erik,94.10532
33,50,2016,Erik,713.771718
16,22,2016,Erik,321.053954
22,28,2016,Erik,437.786228
61,79,2016,Erik,1160.475902
51,73,2016,Erik,1048.564682
37,38,2016,Erik,633.621214
42,51,2016,Erik,804.581645
55,77,2016,Erik,1109.538326
84,118,2016,Erik,1582.631855
87,139,2016,Erik,1728.534331
57,76,2016,Erik,1114.38668
99,156,2016,Erik,1896.645818
63,98,2016,Erik,1311.986724
16,13,2016,Erik,224.707306
54,62,2016,Erik,967.073615
22,23,2016,Erik,385.007818
61,72,2016,Erik,1091.17061
103,152,2016,Erik,1887.65846
51,78,2016,Erik,1085.93033
34,42,2016,Erik,662.072787
52,64,2016,Erik,980.860519
37,47,2016,Erik,728.803345
42,58,2016,Erik,860.466827
67,78,2016,Erik,1167.044886
55,74,2016,Erik,1085.670937
84,125,2016,Erik,1637.555557
50,61,2016,Erik,942.738221
87,128,2016,Erik,1666.952308
57,85,2016,Erik,1181.558385
58,77,2016,Erik,1128.86877
46,49,2016,Erik,800.75378
68,102,2016,Erik,1379.034076
72,97,2016,Erik,1362.441634
19,17,2016,Erik,293.120181
94,136,2016,Erik,1745.929418
62,81,2016,Erik,1185.210962
51,87,2016,Erik,1128.163287
34,37,2016,Erik,609.610754
17,27,2016,Erik,362.222849
52,79,2016,Erik,1101.872338
37,40,2016,Erik,657.375647
76,117,2016,Erik,1531.701332
10,10,2016,Erik,160.644958
85,129,2016,Erik,1664.143552
55,67,2016,Erik,1019.817225
38,57,2016,Erik,812.166095
85,114,2016,Erik,1548.517325
50,52,2016,Erik,849.092657
89,119,2016,Erik,1598.453246
1,3,2016,Erik,6.881812
57,94,2016,Erik,1227.486352
58,84,2016,Erik,1185.285013
96,143,2016,Erik,1802.79398
4,8,2016,Erik,68.648723
46,56,2016,Erik,875.190276
72,104,2016,Erik,1418.800292
19,22,2016,Erik,351.619249
22,33,2016,Erik,468.379245
61,90,2016,Erik,1244.43275
62,88,2016,Erik,1239.244175
30,33,2016,Erik,547.236433
52,86,2016,Erik,1138.856536
17,28,2016,Erik,368.172187
76,108,2016,Erik,1469.917715
77,122,2016,Erik,1570.351132
42,44,2016,Erik,725.385596
81,127,2016,Erik,1632.215278
85,138,2016,Erik,1709.977576
74,86,2016,Erik,1262.844673
55,88,2016,Erik,1178.845651
38,48,2016,Erik,748.927773
25,29,2016,Erik,471.850469
85,123,2016,Erik,1624.805685
89,120,2016,Erik,1608.43399
90,118,2016,Erik,1591.740418
1,4,2016,Erik,6.681812
46,67,2016,Erik,959.662694
68,84,2016,Erik,1234.14205
69,98,2016,Erik,1356.47275
72,111,2016,Erik,1464.005992
73,103,2016,Erik,1414.807011
19,31,2016,Erik,414.429415
61,83,2016,Erik,1195.963554
100,146,2016,Erik,1837.122065
30,40,2016,Erik,611.086996
34,55,2016,Erik,750.74036
17,21,2016,Erik,323.208521
76,107,2016,Erik,1461.257907
77,115,2016,Erik,1524.288953
23,27,2016,Erik,434.796248
81,112,2016,Erik,1521.872589
82,126,2016,Erik,1636.431411
49,79,2016,Erik,1068.940313
55,81,2016,Erik,1141.009613
38,43,2016,Erik,695.576219
40,65,2016,Erik,877.659791
43,60,2016,Erik,882.309289
65,79,2016,Erik,1173.78631
11,23,2016,Erik,234.139034
46,74,2016,Erik,1002.850878
68,83,2016,Erik,1223.836639
51,61,2016,Erik,945.687584
69,107,2016,Erik,1415.942284
73,104,2016,Erik,1423.227571
62,74,2016,Erik,1116.005475
27,36,2016,Erik,549.221475
100,153,2016,Erik,1884.464383
17,14,2016,Erik,243.945744
55,57,2016,Erik,907.249564
76,98,2016,Erik,1384.947419
77,108,2016,Erik,1473.289719
81,105,2016,Erik,1457.782765
82,121,2016,Erik,1599.11278
49,64,2016,Erik,963.09172
50,78,2016,Erik,1077.374047
31,48,2016,Erik,675.929468
35,53,2016,Erik,753.610277
74,88,2016,Erik,1283.660061
75,90,2016,Erik,1303.75225
43,53,2016,Erik,827.027831
8,17,2016,Erik,168.195256
64,94,2016,Erik,1295.888459
11,12,2016,Erik,186.564501
14,11,2016,Erik,187.002961
90,120,2016,Erik,1610.507338
96,148,2016,Erik,1835.845698
78,100,2016,Erik,1407.670127
43,66,2016,Erik,920.416105
46,77,2016,Erik,1017.214523
47,65,2016,Erik,953.801669
68,90,2016,Erik,1287.373389
69,84,2016,Erik,1234.903987
24,32,2016,Erik,488.50281
5,2,2016,Erik,24.91101
62,77,2016,Erik,1145.788758
47,54,2016,Erik,859.767828
20,20,2016,Erik,342.052439
77,101,2016,Erik,1412.706825
81,98,2016,Erik,1389.665422
82,112,2016,Erik,1525.892302
32,31,2016,Erik,530.379586
50,73,2016,Erik,1041.47163
35,58,2016,Erik,776.141138
18,30,2016,Erik,395.622601
91,137,2016,Erik,1740.144587
38,37,2016,Erik,622.23888
64,85,2016,Erik,1227.684063
65,89,2016,Erik,1262.287611
14,18,2016,Erik,271.407196
39,62,2016,Erik,849.753121
78,111,2016,Erik,1500.926453
79,103,2016,Erik,1435.476315
47,78,2016,Erik,1036.665016
69,93,2016,Erik,1315.05031
2,6,2016,Erik,31.396196
24,39,2016,Erik,525.724508
5,11,2016,Erik,88.116911
47,63,2016,Erik,938.532617
30,29,2016,Erik,499.953315
86,110,2016,Erik,1512.726675
20,19,2016,Erik,326.417439
59,72,2016,Erik,1085.485651
23,38,2016,Erik,504.863161
82,107,2016,Erik,1479.171808
50,64,2016,Erik,971.573311
31,38,2016,Erik,601.996419
35,35,2016,Erik,589.036215
18,25,2016,Erik,364.994483
91,142,2016,Erik,1771.935291
40,54,2016,Erik,814.679882
65,82,2016,Erik,1206.374748
14,21,2016,Erik,285.934921
53,70,2016,Erik,1039.252177
39,55,2016,Erik,810.544356
78,118,2016,Erik,1553.60084
79,108,2016,Erik,1480.559974
26,24,2016,Erik,417.701692
44,66,2016,Erik,933.494891
83,105,2016,Erik,1459.668809
98,154,2016,Erik,1881.268855
56,69,2016,Erik,1044.773051
2,1,2016,Erik,7.71807
66,98,2016,Erik,1338.030119
102,150,2016,Erik,1871.302712
89,131,2016,Erik,1692.318614
20,26,2016,Erik,398.773323
82,98,2016,Erik,1390.627292
28,42,2016,Erik,602.300787
32,45,2016,Erik,667.669683
31,47,2016,Erik,669.016422
35,40,2016,Erik,647.074195
18,16,2016,Erik,278.721104
74,117,2016,Erik,1514.905246
91,135,2016,Erik,1726.892261
40,61,2016,Erik,857.075743
8,6,2016,Erik,98.732005
63,85,2016,Erik,1221.567398
53,79,2016,Erik,1109.653801
39,44,2016,Erik,711.614062
95,147,2016,Erik,1823.46922
78,121,2016,Erik,1572.558966
79,117,2016,Erik,1551.312703
44,57,2016,Erik,868.738568
98,149,2016,Erik,1850.842979
83,110,2016,Erik,1508.71527
48,60,2016,Erik,923.402761
12,18,2016,Erik,241.63536
69,79,2016,Erik,1179.339095
56,76,2016,Erik,1110.038329
86,120,2016,Erik,1604.54381
89,132,2016,Erik,1699.610505
52,56,2016,Erik,896.802681
20,33,2016,Erik,441.520892
59,70,2016,Erik,1064.815917
60,72,2016,Erik,1089.899787
28,33,2016,Erik,534.666971
32,36,2016,Erik,590.793748
88,129,2016,Erik,1676.74102
8,13,2016,Erik,155.176976
63,82,2016,Erik,1199.04562
53,72,2016,Erik,1056.28829
36,48,2016,Erik,732.266049
54,78,2016,Erik,1112.44694
79,114,2016,Erik,1529.364864
44,48,2016,Erik,782.439793
9,18,2016,Erik,185.434307
83,119,2016,Erik,1586.214056
48,51,2016,Erik,831.439609
12,9,2016,Erik,149.205829
15,12,2016,Erik,206.913045
56,83,2016,Erik,1163.016288
27,25,2016,Erik,432.946489
86,115,2016,Erik,1559.126579
89,141,2016,Erik,1752.937092
59,95,2016,Erik,1254.930282
60,71,2016,Erik,1078.170695
25,35,2016,Erik,517.688686
88,136,2016,Erik,1720.303984
70,104,2016,Erik,1406.590513
74,103,2016,Erik,1420.432348
93,137,2016,Erik,1748.409852
40,43,2016,Erik,704.537718
21,23,2016,Erik,376.524978
63,91,2016,Erik,1265.434095
53,81,2016,Erik,1124.136376
54,65,2016,Erik,997.035258
92,140,2016,Erik,1765.961582
79,123,2016,Erik,1592.954884
44,47,2016,Erik,768.307098
83,124,2016,Erik,1625.883789
88,113,2016,Erik,1541.552788
15,21,2016,Erik,299.083483
56,90,2016,Erik,1199.548848
27,30,2016,Erik,498.287692
66,79,2016,Erik,1176.949713
67,103,2016,Erik,1375.946409
86,138,2016,Erik,1718.249469
87,120,2016,Erik,1605.544171
91,125,2016,Erik,1654.413144
59,84,2016,Erik,1191.109056
60,94,2016,Erik,1261.867949
25,36,2016,Erik,524.534188
6,6,2016,Erik,92.161816
32,50,2016,Erik,702.228477
88,143,2016,Erik,1757.41264
70,99,2016,Erik,1369.666974
74,110,2016,Erik,1472.935221
75,116,2016,Erik,1517.297036
80,121,2016,Erik,1587.410796
48,82,2016,Erik,1072.836929
72,88,2016,Erik,1281.021827
36,38,2016,Erik,631.445371
54,88,2016,Erik,1169.110796
92,139,2016,Erik,1758.693779
41,53,2016,Erik,812.997289
88,120,2016,Erik,1608.260958
15,18,2016,Erik,280.955841
76,92,2016,Erik,1326.519308
13,24,2016,Erik,278.65887
87,113,2016,Erik,1540.068106
86,141,2016,Erik,1732.022687
92,124,2016,Erik,1648.363674
60,85,2016,Erik,1204.833063
70,90,2016,Erik,1294.810256
71,104,2016,Erik,1412.100568
90,134,2016,Erik,1717.571501
74,105,2016,Erik,1436.168385
75,109,2016,Erik,1470.667149
21,25,2016,Erik,396.612848
80,112,2016,Erik,1519.117945
48,73,2016,Erik,1020.151305
29,41,2016,Erik,605.280967
33,46,2016,Erik,685.453172
72,95,2016,Erik,1345.049865
73,87,2016,Erik,1270.124246
54,83,2016,Erik,1145.907971
36,45,2016,Erik,703.308941
92,130,2016,Erik,1695.585106
41,62,2016,Erik,874.298759
9,5,2016,Erik,73.993051
84,132,2016,Erik,1675.90627
88,127,2016,Erik,1663.954301
15,27,2016,Erik,326.250616
76,91,2016,Erik,1314.95477
45,58,2016,Erik,884.172464
49,63,2016,Erik,953.643416
67,85,2016,Erik,1238.028777
13,17,2016,Erik,247.834051
86,132,2016,Erik,1687.049313
92,123,2016,Erik,1638.435621
3,7,2016,Erik,45.313556
70,93,2016,Erik,1320.160598
53,59,2016,Erik,929.587283
71,97,2016,Erik,1357.50361
90,129,2016,Erik,1682.737255
75,98,2016,Erik,1381.216883
93,148,2016,Erik,1818.170465
21,34,2016,Erik,457.652842
80,119,2016,Erik,1573.151686
48,64,2016,Erik,957.010477
29,34,2016,Erik,551.385121
33,39,2016,Erik,623.547696
16,25,2016,Erik,337.415282
73,88,2016,Erik,1281.150866
78,92,2016,Erik,1327.401258
9,14,2016,Erik,175.314051
84,131,2016,Erik,1670.159078
37,51,2016,Erik,763.938647
77,92,2016,Erik,1325.906919
24,24,2016,Erik,411.469286
45,51,2016,Erik,819.329249
83,128,2016,Erik,1649.973564
66,88,2016,Erik,1261.742882
67,90,2016,Erik,1281.613428
13,10,2016,Erik,168.721912
0,1,2016,Erik,1e-06
45,68,2016,Erik,955.621471
28,28,2016,Erik,483.996016
70,84,2016,Erik,1238.151726
71,94,2016,Erik,1332.664049
90,136,2016,Erik,1730.510237
80,110,2016,Erik,1502.334454
26,38,2016,Erik,551.19323
7,8,2016,Erik,115.491998
48,71,2016,Erik,1006.911912
16,16,2016,Erik,271.780377
92,144,2016,Erik,1790.411739
94,148,2016,Erik,1825.002693
22,26,2016,Erik,418.704641
81,129,2016,Erik,1640.854751
84,138,2016,Erik,1703.630332
106,155,2016,Erik,1915.681625
51,67,2016,Erik,1000.512739
37,60,2016,Erik,812.49065
24,31,2016,Erik,480.256201
66,83,2016,Erik,1218.688295
28,27,2016,Erik,467.353008
84,104,2016,Erik,1452.236102
87,141,2016,Erik,1738.813285
90,147,2016,Erik,1792.537275
71,87,2016,Erik,1266.934771
57,74,2016,Erik,1096.518917
80,101,2016,Erik,1418.983032
26,33,2016,Erik,516.531902
33,49,2016,Erik,706.136496
16,23,2016,Erik,325.426736
22,29,2016,Erik,444.158723
61,78,2016,Erik,1151.691353
51,72,2016,Erik,1042.097185
37,37,2016,Erik,620.247211
42,48,2016,Erik,773.733126
55,76,2016,Erik,1102.373113
65,98,2016,Erik,1329.36924
84,119,2016,Erik,1590.072446
85,111,2016,Erik,1519.394676
87,138,2016,Erik,1724.162942
57,83,2016,Erik,1169.707393
80,92,2016,Erik,1326.738778
26,40,2016,Erik,562.434161
16,14,2016,Erik,243.681461
73,115,2016,Erik,1493.909482
54,63,2016,Erik,976.283546
94,134,2016,Erik,1730.633804
22,20,2016,Erik,346.888699
30,52,2016,Erik,680.69203
51,81,2016,Erik,1105.150248
34,43,2016,Erik,669.491642
52,65,2016,Erik,988.758286
37,46,2016,Erik,720.043693
42,59,2016,Erik,865.865069
85,135,2016,Erik,1694.815881
55,69,2016,Erik,1039.546436
84,126,2016,Erik,1645.213919
50,58,2016,Erik,914.655619
87,131,2016,Erik,1684.42521
57,84,2016,Erik,1176.394476
58,74,2016,Erik,1102.509542
96,137,2016,Erik,1758.219092
4,2,2016,Erik,26.923542
46,54,2016,Erik,856.357248
68,103,2016,Erik,1384.715669
72,98,2016,Erik,1372.049917
19,16,2016,Erik,278.804689
94,137,2016,Erik,1752.626123
62,86,2016,Erik,1225.386664
51,86,2016,Erik,1125.931951
34,34,2016,Erik,576.439734
17,26,2016,Erik,357.926516
52,72,2016,Erik,1050.687422
76,118,2016,Erik,1538.813469
10,11,2016,Erik,167.406121
85,128,2016,Erik,1659.271998
55,66,2016,Erik,1010.703479
38,62,2016,Erik,837.224037
25,27,2016,Erik,450.857488
85,113,2016,Erik,1538.337148
50,53,2016,Erik,859.201682
89,118,2016,Erik,1589.988931
1,2,2016,Erik,8.481811
57,93,2016,Erik,1222.234667
58,85,2016,Erik,1190.429814
4,9,2016,Erik,68.138723
46,57,2016,Erik,882.815612
29,31,2016,Erik,519.936552
72,105,2016,Erik,1425.175904
19,25,2016,Erik,376.055152
61,89,2016,Erik,1236.572508
62,89,2016,Erik,1244.840633
27,41,2016,Erik,579.65729
100,148,2016,Erik,1851.555677
30,38,2016,Erik,595.386718
52,87,2016,Erik,1141.436941
17,19,2016,Erik,306.789787
76,109,2016,Erik,1476.542379
42,45,2016,Erik,736.231477
23,29,2016,Erik,453.15864
81,126,2016,Erik,1628.428279
82,132,2016,Erik,1663.293489
85,137,2016,Erik,1704.381238
55,91,2016,Erik,1190.694467
38,49,2016,Erik,757.356067
25,28,2016,Erik,462.911638
11,17,2016,Erik,218.379553
85,122,2016,Erik,1617.491912
89,127,2016,Erik,1665.63263
87,145,2016,Erik,1758.409943
58,92,2016,Erik,1230.169222
101,154,2016,Erik,1894.327356
46,64,2016,Erik,940.188554
68,85,2016,Erik,1242.181595
51,55,2016,Erik,882.134004
69,97,2016,Erik,1347.746166
73,102,2016,Erik,1407.778967
19,30,2016,Erik,410.241739
61,82,2016,Erik,1189.436794
30,41,2016,Erik,616.922356
34,52,2016,Erik,738.037183
17,20,2016,Erik,317.100638
76,100,2016,Erik,1403.192578
77,114,2016,Erik,1518.09083
23,26,2016,Erik,425.462848
81,119,2016,Erik,1577.941833
82,127,2016,Erik,1640.368777
49,78,2016,Erik,1063.619238
50,84,2016,Erik,1108.873694
74,94,2016,Erik,1342.98187
55,80,2016,Erik,1134.181242
38,40,2016,Erik,663.008081
40,66,2016,Erik,882.816362
43,63,2016,Erik,901.695599
64,88,2016,Erik,1251.477921
65,78,2016,Erik,1163.765994
11,22,2016,Erik,233.967717
90,126,2016,Erik,1662.69636
78,98,2016,Erik,1388.463839
98,142,2016,Erik,1802.456713
46,75,2016,Erik,1006.824474
68,92,2016,Erik,1304.276444
51,60,2016,Erik,936.854037
69,106,2016,Erik,1410.810201
73,111,2016,Erik,1470.851554
62,75,2016,Erik,1125.292428
27,39,2016,Erik,567.992522
100,154,2016,Erik,1890.978647
76,99,2016,Erik,1393.128696
77,107,2016,Erik,1464.493699
81,104,2016,Erik,1449.582575
82,118,2016,Erik,1576.363324
49,71,2016,Erik,1015.952197
50,79,2016,Erik,1082.674259
31,51,2016,Erik,690.526462
35,52,2016,Erik,748.714676
74,89,2016,Erik,1292.640365
75,93,2016,Erik,1333.101313
43,52,2016,Erik,819.15622
8,18,2016,Erik,168.934564
64,95,2016,Erik,1301.831667
11,15,2016,Erik,208.109382
90,121,2016,Erik,1618.727931
96,149,2016,Erik,1841.364332
78,101,2016,Erik,1416.012071
43,69,2016,Erik,935.606221
26,23,2016,Erik,399.904645
47,64,2016,Erik,947.36208
68,91,2016,Erik,1294.701932
69,83,2016,Erik,1224.579613
24,33,2016,Erik,493.813829
47,49,2016,Erik,802.588501
20,21,2016,Erik,350.415263
77,100,2016,Erik,1404.431044
82,113,2016,Erik,1533.463373
50,70,2016,Erik,1020.539864
91,136,2016,Erik,1734.165657
40,48,2016,Erik,762.611524
43,45,2016,Erik,738.316969
64,86,2016,Erik,1236.392304
65,88,2016,Erik,1255.373328
14,19,2016,Erik,275.915153
39,57,2016,Erik,822.671424
78,108,2016,Erik,1478.107594
79,102,2016,Erik,1426.975365
26,30,2016,Erik,492.260225
44,68,2016,Erik,945.195768
47,73,2016,Erik,1007.439996
69,92,2016,Erik,1307.399909
2,7,2016,Erik,30.141369
24,40,2016,Erik,531.268109
5,10,2016,Erik,88.199861
47,62,2016,Erik,931.723424
86,111,2016,Erik,1521.258631
20,28,2016,Erik,416.001227
59,75,2016,Erik,1113.926939
23,33,2016,Erik,480.155023
82,104,2016,Erik,1451.795845
28,44,2016,Erik,613.455623
50,65,2016,Erik,979.118741
31,33,2016,Erik,551.144842
35,34,2016,Erik,575.798748
18,22,2016,Erik,343.810616
110,159,2016,Erik,1950.29317
40,55,2016,Erik,821.141818
65,81,2016,Erik,1195.324375
14,26,2016,Erik,306.470374
53,69,2016,Erik,1029.317592
39,54,2016,Erik,804.348733
95,149,2016,Erik,1835.200731
78,119,2016,Erik,1559.447398
79,111,2016,Erik,1504.579623
26,25,2016,Erik,431.499108
44,67,2016,Erik,938.278904
83,104,2016,Erik,1450.786075
98,155,2016,Erik,1886.073222
12,20,2016,Erik,249.723076
56,70,2016,Erik,1055.845306
66,99,2016,Erik,1343.746078
102,151,2016,Erik,1877.886722
89,130,2016,Erik,1686.421498
20,27,2016,Erik,406.049698
82,99,2016,Erik,1399.874579
28,43,2016,Erik,606.564473
32,46,2016,Erik,676.390188
31,46,2016,Erik,663.231498
35,43,2016,Erik,675.633299
18,17,2016,Erik,291.461416
74,114,2016,Erik,1498.18293
91,134,2016,Erik,1720.513495
40,62,2016,Erik,863.568811
8,7,2016,Erik,111.955499
63,84,2016,Erik,1214.741505
53,78,2016,Erik,1103.321703
39,47,2016,Erik,742.905439
95,146,2016,Erik,1817.931579
98,146,2016,Erik,1831.254749
79,116,2016,Erik,1544.66971
44,58,2016,Erik,877.958208
83,113,2016,Erik,1535.053696
48,61,2016,Erik,930.725986
12,19,2016,Erik,243.945009
69,78,2016,Erik,1168.477151
56,77,2016,Erik,1117.228243
86,121,2016,Erik,1612.116925
89,139,2016,Erik,1741.738111
52,57,2016,Erik,906.807722
20,34,2016,Erik,445.365091
59,89,2016,Erik,1220.932823
60,73,2016,Erik,1098.877669
28,34,2016,Erik,545.262707
32,37,2016,Erik,598.98694
88,130,2016,Erik,1684.050823
93,143,2016,Erik,1788.695872
8,14,2016,Erik,162.027296
63,93,2016,Erik,1279.921158
53,87,2016,Erik,1152.127067
36,49,2016,Erik,739.378363
54,79,2016,Erik,1118.882867
44,49,2016,Erik,793.426623
9,17,2016,Erik,184.164393
83,118,2016,Erik,1578.817687
48,52,2016,Erik,843.774399
12,10,2016,Erik,168.58093
15,15,2016,Erik,250.605395
56,84,2016,Erik,1169.443209
27,24,2016,Erik,417.856363
67,97,2016,Erik,1336.261324
86,112,2016,Erik,1532.07066
89,140,2016,Erik,1748.014224
59,94,2016,Erik,1250.322452
25,34,2016,Erik,512.17475
6,12,2016,Erik,115.67046
88,137,2016,Erik,1725.20811
70,105,2016,Erik,1412.412868
74,100,2016,Erik,1396.743757
93,136,2016,Erik,1741.79515
40,44,2016,Erik,718.119067
21,22,2016,Erik,366.825778
63,90,2016,Erik,1258.991878
53,80,2016,Erik,1117.879889
36,56,2016,Erik,783.166577
54,70,2016,Erik,1046.258856
92,141,2016,Erik,1771.723254
41,51,2016,Erik,796.938884
79,122,2016,Erik,1586.931301
83,127,2016,Erik,1644.835095
104,152,2016,Erik,1890.672696
88,114,2016,Erik,1552.486046
15,20,2016,Erik,295.61893
56,91,2016,Erik,1202.937109
67,102,2016,Erik,1370.433587
86,139,2016,Erik,1722.231744
87,123,2016,Erik,1630.246988
108,156,2016,Erik,1926.772734
91,124,2016,Erik,1646.277102
59,87,2016,Erik,1208.935769
60,95,2016,Erik,1266.398015
6,7,2016,Erik,97.108125
32,51,2016,Erik,705.861163
88,144,2016,Erik,1763.203491
70,96,2016,Erik,1346.671198
74,111,2016,Erik,1478.688959
21,31,2016,Erik,443.722816
80,122,2016,Erik,1595.164895
48,83,2016,Erik,1075.009623
29,47,2016,Erik,641.708487
72,89,2016,Erik,1289.468874
53,89,2016,Erik,1159.433474
36,39,2016,Erik,641.508477
54,89,2016,Erik,1172.155348
92,132,2016,Erik,1710.278317
41,52,2016,Erik,805.769747
88,121,2016,Erik,1616.201913
76,93,2016,Erik,1335.318104
41,69,2016,Erik,908.079223
13,23,2016,Erik,274.446731
87,112,2016,Erik,1531.357893
86,130,2016,Erik,1675.871156
3,1,2016,Erik,4.615083
60,86,2016,Erik,1212.398297
70,91,2016,Erik,1302.558268
71,107,2016,Erik,1431.486723
90,135,2016,Erik,1723.326426
75,108,2016,Erik,1464.185777
21,24,2016,Erik,387.852207
39,66,2016,Erik,868.247751
80,113,2016,Erik,1526.239889
48,74,2016,Erik,1027.761171
29,40,2016,Erik,599.96949
33,45,2016,Erik,676.562745
73,86,2016,Erik,1260.668381
54,80,2016,Erik,1127.436436
36,46,2016,Erik,714.275863
92,131,2016,Erik,1702.092245
41,61,2016,Erik,867.503315
78,90,2016,Erik,1305.966889
84,133,2016,Erik,1679.87649
15,26,2016,Erik,324.168805
42,68,2016,Erik,919.529566
45,57,2016,Erik,874.852756
66,94,2016,Erik,1309.449612
49,62,2016,Erik,945.97401
67,84,2016,Erik,1229.975426
13,16,2016,Erik,242.105649
86,133,2016,Erik,1691.508575
3,6,2016,Erik,45.33996
45,74,2016,Erik,988.104637
70,82,2016,Erik,1218.347388
53,58,2016,Erik,919.40642
71,96,2016,Erik,1349.865567
90,142,2016,Erik,1766.688994
75,101,2016,Erik,1406.939856
93,147,2016,Erik,1812.04305
21,33,2016,Erik,453.313072
80,104,2016,Erik,1448.884814
48,65,2016,Erik,963.55022
29,33,2016,Erik,540.521477
33,38,2016,Erik,615.139677
16,26,2016,Erik,344.115769
73,95,2016,Erik,1347.265002
94,146,2016,Erik,1813.451609
78,93,2016,Erik,1336.643085
9,13,2016,Erik,167.734623
37,50,2016,Erik,757.856125
77,91,2016,Erik,1314.407988
24,25,2016,Erik,422.051644
45,50,2016,Erik,809.910819
10,20,2016,Erik,211.036089
66,89,2016,Erik,1268.575843
49,55,2016,Erik,877.265407
67,93,2016,Erik,1305.377279
83,131,2016,Erik,1663.52914
45,67,2016,Erik,948.51412
28,29,2016,Erik,494.243628
70,85,2016,Erik,1246.793569
71,89,2016,Erik,1286.135154
90,137,2016,Erik,1735.974365
80,111,2016,Erik,1509.626971
26,39,2016,Erik,555.512899
7,11,2016,Erik,126.694223
16,17,2016,Erik,280.422016
92,145,2016,Erik,1795.537507
94,149,2016,Erik,1830.036341
41,47,2016,Erik,754.373906
22,27,2016,Erik,426.847037
79,94,2016,Erik,1347.366125
81,128,2016,Erik,1637.181221
51,66,2016,Erik,993.084748
37,59,2016,Erik,807.254544
42,54,2016,Erik,830.783406
66,80,2016,Erik,1189.33335
84,105,2016,Erik,1461.185112
87,140,2016,Erik,1734.443743
90,144,2016,Erik,1777.665405
71,86,2016,Erik,1258.091786
57,73,2016,Erik,1086.305709
80,102,2016,Erik,1429.970135
99,153,2016,Erik,1879.226521
33,48,2016,Erik,700.493063
22,18,2016,Erik,314.491773
61,77,2016,Erik,1141.060037
30,50,2016,Erik,673.884052
51,75,2016,Erik,1063.48031
42,49,2016,Erik,783.840762
10,6,2016,Erik,97.33098
55,79,2016,Erik,1125.419435
65,97,2016,Erik,1322.377809
84,112,2016,Erik,1529.735374
85,110,2016,Erik,1510.878976
87,133,2016,Erik,1696.144642
57,82,2016,Erik,1164.546416
4,4,2016,Erik,56.49954
26,41,2016,Erik,566.047795
16,15,2016,Erik,256.736051
73,114,2016,Erik,1489.12168
54,60,2016,Erik,944.970146
94,135,2016,Erik,1737.396902
22,21,2016,Erik,359.176425
51,80,2016,Erik,1099.42506
34,40,2016,Erik,642.891402
52,66,2016,Erik,999.430777
37,45,2016,Erik,709.089548
76,120,2016,Erik,1550.798101
42,56,2016,Erik,846.247138
85,134,2016,Erik,1690.724235
55,68,2016,Erik,1030.78743
84,127,2016,Erik,1649.764671
85,119,2016,Erik,1591.925975
50,59,2016,Erik,923.287182
87,130,2016,Erik,1679.098419
57,91,2016,Erik,1212.6708
58,75,2016,Erik,1110.528178
96,138,2016,Erik,1766.859782
4,3,2016,Erik,37.600894
46,55,2016,Erik,864.647919
68,96,2016,Erik,1336.440378
72,99,2016,Erik,1379.298726
54,55,2016,Erik,883.697214
19,19,2016,Erik,320.646507
94,142,2016,Erik,1788.390124
61,95,2016,Erik,1275.56692
62,87,2016,Erik,1231.257455
34,35,2016,Erik,586.756317
17,25,2016,Erik,350.527457
52,73,2016,Erik,1057.256393
76,119,2016,Erik,1543.961271
10,8,2016,Erik,132.142778
49,83,2016,Erik,1089.491185
55,93,2016,Erik,1198.437673
38,63,2016,Erik,840.799359
25,26,2016,Erik,440.322764
85,112,2016,Erik,1529.906567
50,50,2016,Erik,825.298109
89,117,2016,Erik,1579.584394
1,1,2016,Erik,2.224581
57,92,2016,Erik,1218.253296
58,82,2016,Erik,1172.685278
4,10,2016,Erik,69.91462
46,62,2016,Erik,925.239219
29,30,2016,Erik,509.878425
69,103,2016,Erik,1391.660077
72,106,2016,Erik,1432.801842
19,24,2016,Erik,368.777731
61,88,2016,Erik,1230.968307
62,94,2016,Erik,1279.981373
27,40,2016,Erik,574.977082
100,149,2016,Erik,1858.005664
30,39,2016,Erik,601.868788
52,80,2016,Erik,1109.92083
17,18,2016,Erik,298.209993
76,110,2016,Erik,1484.80776
77,120,2016,Erik,1558.074086
23,28,2016,Erik,445.847395
81,125,2016,Erik,1621.575877
82,133,2016,Erik,1666.839794
85,136,2016,Erik,1700.480219
55,90,2016,Erik,1187.367193
38,54,2016,Erik,795.699952
43,57,2016,Erik,859.512414
11,16,2016,Erik,214.83771
85,121,2016,Erik,1608.622896
89,126,2016,Erik,1659.675092
87,144,2016,Erik,1754.330884
58,93,2016,Erik,1234.618738
96,152,2016,Erik,1859.190111
46,65,2016,Erik,945.914854
68,86,2016,Erik,1252.389329
51,54,2016,Erik,871.604876
69,96,2016,Erik,1340.716094
73,101,2016,Erik,1399.039768
19,33,2016,Erik,421.98183
61,81,2016,Erik,1179.54687
27,33,2016,Erik,524.806391
100,156,2016,Erik,1902.53726
30,46,2016,Erik,652.253185
34,53,2016,Erik,742.031458
76,101,2016,Erik,1411.122418
77,113,2016,Erik,1510.0643
23,21,2016,Erik,361.260707
81,118,2016,Erik,1570.882679
82,124,2016,Erik,1622.325761
49,77,2016,Erik,1056.424644
50,85,2016,Erik,1111.143508
74,95,2016,Erik,1351.077952
55,83,2016,Erik,1153.700489
38,41,2016,Erik,673.382347
40,67,2016,Erik,886.717381
97,150,2016,Erik,1852.239653
43,62,2016,Erik,896.138146
64,89,2016,Erik,1257.724874
65,77,2016,Erik,1151.835008
11,9,2016,Erik,145.97009
90,127,2016,Erik,1668.860229
78,99,2016,Erik,1396.971734
46,72,2016,Erik,991.816938
68,93,2016,Erik,1311.485142
51,63,2016,Erik,964.727829
69,105,2016,Erik,1404.292846
73,110,2016,Erik,1465.233659
5,7,2016,Erik,79.574753
27,38,2016,Erik,562.697869
100,155,2016,Erik,1896.153105
17,12,2016,Erik,207.606381
55,59,2016,Erik,931.784184
77,106,2016,Erik,1457.014842
81,111,2016,Erik,1512.196305
82,119,2016,Erik,1583.454623
49,70,2016,Erik,1009.851791
50,76,2016,Erik,1063.884643
31,50,2016,Erik,687.152379
35,55,2016,Erik,763.037252
43,55,2016,Erik,843.781038
64,80,2016,Erik,1183.959966
11,14,2016,Erik,202.535097
96,150,2016,Erik,1847.823263
78,106,2016,Erik,1461.434758
43,68,2016,Erik,931.300588
47,67,2016,Erik,968.291387
69,82,2016,Erik,1215.560778
24,34,2016,Erik,501.352246
102,154,2016,Erik,1898.637349
20,22,2016,Erik,361.895936
77,99,2016,Erik,1394.190631
81,96,2016,Erik,1368.594817
82,110,2016,Erik,1508.097746
50,71,2016,Erik,1026.710078
18,28,2016,Erik,386.971554
91,139,2016,Erik,1753.037202
40,49,2016,Erik,771.929532
43,44,2016,Erik,726.25438
64,87,2016,Erik,1242.888424
65,95,2016,Erik,1308.395472
11,7,2016,Erik,111.640071
14,16,2016,Erik,255.619834
39,56,2016,Erik,817.473059
78,109,2016,Erik,1484.999519
79,97,2016,Erik,1377.268602
26,31,2016,Erik,499.9063
44,69,2016,Erik,949.504387
47,72,2016,Erik,1002.362942
69,91,2016,Erik,1297.731911
56,64,2016,Erik,993.636136
2,4,2016,Erik,29.271146
5,9,2016,Erik,85.4231
102,157,2016,Erik,1916.594796
47,57,2016,Erik,887.76386
86,108,2016,Erik,1492.831535
20,29,2016,Erik,421.147681
59,74,2016,Erik,1105.265212
23,32,2016,Erik,475.07341
82,105,2016,Erik,1460.172096
28,45,2016,Erik,617.409033
32,40,2016,Erik,628.686131
31,32,2016,Erik,540.787796
35,37,2016,Erik,612.814975
18,23,2016,Erik,349.909544
91,128,2016,Erik,1677.886181
40,56,2016,Erik,828.992042
65,80,2016,Erik,1185.877858
14,27,2016,Erik,307.851703
53,68,2016,Erik,1021.417263
39,49,2016,Erik,764.064004
95,148,2016,Erik,1829.833564
78,116,2016,Erik,1539.573764
79,110,2016,Erik,1497.256727
44,60,2016,Erik,893.090117
98,152,2016,Erik,1869.990445
83,107,2016,Erik,1479.216337
12,21,2016,Erik,252.003197
56,71,2016,Erik,1064.064666
66,96,2016,Erik,1324.100996
87,111,2016,Erik,1520.483945
89,129,2016,Erik,1679.076051
82,96,2016,Erik,1368.968982
28,36,2016,Erik,561.757941
32,47,2016,Erik,682.126048
31,41,2016,Erik,625.470857
35,42,2016,Erik,667.34463
18,14,2016,Erik,246.400529
74,115,2016,Erik,1503.203973
40,63,2016,Erik,867.867756
8,8,2016,Erik,127.619423
63,87,2016,Erik,1236.202937
53,77,2016,Erik,1094.743813
39,46,2016,Erik,733.393155
98,147,2016,Erik,1837.419036
79,119,2016,Erik,1565.897414
44,59,2016,Erik,884.19026
83,112,2016,Erik,1526.998908
48,62,2016,Erik,940.640951
12,12,2016,Erik,198.257202
56,78,2016,Erik,1126.695801
86,126,2016,Erik,1652.49836
89,138,2016,Erik,1736.711942
52,58,2016,Erik,919.393461
56,61,2016,Erik,957.991296
59,88,2016,Erik,1215.770148
60,74,2016,Erik,1110.263047
6,10,2016,Erik,110.752956
28,35,2016,Erik,552.100477
32,38,2016,Erik,610.519471
88,131,2016,Erik,1689.379029
93,142,2016,Erik,1782.959624
8,15,2016,Erik,164.760278
63,92,2016,Erik,1273.585384
53,86,2016,Erik,1148.92049
36,50,2016,Erik,749.235015
54,76,2016,Erik,1096.905805
79,124,2016,Erik,1599.816658
44,50,2016,Erik,806.864819
9,16,2016,Erik,183.407784
83,121,2016,Erik,1602.261104
48,53,2016,Erik,853.487577
12,11,2016,Erik,181.725828
15,14,2016,Erik,239.286071
56,85,2016,Erik,1173.977799
27,27,2016,Erik,462.738127
67,96,2016,Erik,1329.586838
86,113,2016,Erik,1540.41107
87,125,2016,Erik,1646.572387
89,147,2016,Erik,1783.982391
59,81,2016,Erik,1168.514945
25,33,2016,Erik,504.405672
6,13,2016,Erik,116.24729
31,31,2016,Erik,528.156291
88,138,2016,Erik,1731.604713
74,101,2016,Erik,1404.220782
75,113,2016,Erik,1497.749597
40,45,2016,Erik,727.943888
21,21,2016,Erik,354.687511
93,135,2016,Erik,1733.907813
36,57,2016,Erik,786.604569
54,71,2016,Erik,1053.862134
92,142,2016,Erik,1778.568723
41,50,2016,Erik,789.052275
83,126,2016,Erik,1640.23046
104,153,2016,Erik,1897.099636
88,115,2016,Erik,1560.970499
15,23,2016,Erik,309.596647
56,92,2016,Erik,1208.338133
41,67,2016,Erik,899.172443
66,77,2016,Erik,1154.733419
86,136,2016,Erik,1708.179725
87,122,2016,Erik,1622.612037
108,157,2016,Erik,1933.506991
91,127,2016,Erik,1669.671224
59,86,2016,Erik,1203.809385
60,88,2016,Erik,1225.023062
6,4,2016,Erik,60.320509
32,52,2016,Erik,711.104474
88,145,2016,Erik,1767.437702
70,97,2016,Erik,1353.737352
53,55,2016,Erik,882.888286
71,109,2016,Erik,1443.967923
74,108,2016,Erik,1459.333272
75,118,2016,Erik,1529.321014
21,30,2016,Erik,438.436903
80,123,2016,Erik,1601.160154
29,46,2016,Erik,637.132525
33,43,2016,Erik,659.894547
72,90,2016,Erik,1300.394528
53,88,2016,Erik,1156.518829
92,133,2016,Erik,1716.691966
41,59,2016,Erik,854.853534
88,122,2016,Erik,1625.688658
15,28,2016,Erik,330.651848
76,94,2016,Erik,1346.592978
41,68,2016,Erik,904.38779
45,63,2016,Erik,921.529067
13,22,2016,Erik,272.549525
87,115,2016,Erik,1559.247003
86,131,2016,Erik,1680.536841
92,126,2016,Erik,1665.678053
60,87,2016,Erik,1217.690496
70,88,2016,Erik,1276.515151
71,106,2016,Erik,1425.461427
90,132,2016,Erik,1704.219488
75,111,2016,Erik,1484.517236
80,114,2016,Erik,1535.432973
63,75,2016,Erik,1126.304557
48,75,2016,Erik,1032.634296
29,39,2016,Erik,591.728994
33,44,2016,Erik,669.590806
54,81,2016,Erik,1133.795083
36,47,2016,Erik,721.746029
41,60,2016,Erik,862.018944
9,11,2016,Erik,154.402824
84,134,2016,Erik,1685.474425
42,69,2016,Erik,922.99806
45,56,2016,Erik,867.410536
66,95,2016,Erik,1315.904001
49,61,2016,Erik,935.980618
67,87,2016,Erik,1255.205953
13,15,2016,Erik,232.677216
3,9,2016,Erik,45.499245
45,73,2016,Erik,982.097985
90,143,2016,Erik,1771.475381
53,57,2016,Erik,906.845493
71,99,2016,Erik,1373.88462
75,100,2016,Erik,1399.09396
93,146,2016,Erik,1806.976947
21,32,2016,Erik,450.257663
80,105,2016,Erik,1456.790833
7,13,2016,Erik,134.183531
48,66,2016,Erik,972.593186
29,32,2016,Erik,531.646792
33,37,2016,Erik,603.517138
16,27,2016,Erik,346.7448
73,94,2016,Erik,1339.150835
94,147,2016,Erik,1818.693132
9,12,2016,Erik,162.504283
37,49,2016,Erik,747.934009
77,90,2016,Erik,1304.742884
24,26,2016,Erik,435.051974
45,49,2016,Erik,796.406508
10,21,2016,Erik,211.205933
66,86,2016,Erik,1245.324212
49,54,2016,Erik,867.644015
67,92,2016,Erik,1298.252765
83,130,2016,Erik,1659.488704
64,96,2016,Erik,1309.28329
45,66,2016,Erik,943.015751
28,30,2016,Erik,506.459857
71,88,2016,Erik,1277.502503
57,71,2016,Erik,1067.161138
80,96,2016,Erik,1369.750256
26,36,2016,Erik,538.959098
7,10,2016,Erik,123.865994
16,18,2016,Erik,291.839165
92,146,2016,Erik,1801.691236
41,46,2016,Erik,744.003488
22,24,2016,Erik,398.197095
51,69,2016,Erik,1017.076923
37,58,2016,Erik,803.720371
42,55,2016,Erik,837.604539
66,81,2016,Erik,1199.045788
105,154,2016,Erik,1906.335349
84,106,2016,Erik,1472.398261
87,143,2016,Erik,1748.853373
90,145,2016,Erik,1782.331983
57,72,2016,Erik,1077.931598
58,70,2016,Erik,1063.287291
80,103,2016,Erik,1438.269205
99,152,2016,Erik,1873.937544
7,3,2016,Erik,36.436822
54,58,2016,Erik,921.767958
22,19,2016,Erik,329.410244
61,76,2016,Erik,1132.121084
30,51,2016,Erik,676.506421
51,74,2016,Erik,1057.272026
34,46,2016,Erik,696.865565
52,68,2016,Erik,1017.244816
42,62,2016,Erik,886.909041
10,7,2016,Erik,112.888627
55,78,2016,Erik,1118.527894
65,96,2016,Erik,1316.092122
84,113,2016,Erik,1537.69164
85,109,2016,Erik,1500.057526
87,132,2016,Erik,1690.937877
57,81,2016,Erik,1155.768066
4,5,2016,Erik,58.164076
80,94,2016,Erik,1348.463679
73,113,2016,Erik,1482.762344
54,61,2016,Erik,954.612322
51,83,2016,Erik,1115.678155
34,41,2016,Erik,650.919
52,67,2016,Erik,1006.986691
37,44,2016,Erik,700.287097
42,57,2016,Erik,852.172582
10,14,2016,Erik,191.839945
85,133,2016,Erik,1684.950831
55,71,2016,Erik,1058.308566
84,120,2016,Erik,1599.174119
85,118,2016,Erik,1584.141781
50,56,2016,Erik,893.796732
57,90,2016,Erik,1208.569137
58,72,2016,Erik,1083.318915
4,12,2016,Erik,68.564622
101,150,2016,Erik,1867.91841
46,52,2016,Erik,836.322809
68,97,2016,Erik,1343.090416
72,100,2016,Erik,1388.340925
19,18,2016,Erik,308.574633
94,143,2016,Erik,1794.271313
61,94,2016,Erik,1270.271889
62,84,2016,Erik,1210.904073
52,74,2016,Erik,1066.370085
17,24,2016,Erik,344.931561
76,112,2016,Erik,1499.087686
81,123,2016,Erik,1607.526019
10,9,2016,Erik,143.77966
49,82,2016,Erik,1087.033355
55,92,2016,Erik,1195.375477
38,60,2016,Erik,827.683602
25,25,2016,Erik,426.635164
64,76,2016,Erik,1141.697462
85,127,2016,Erik,1653.249306
50,51,2016,Erik,836.392081
89,116,2016,Erik,1570.885835
1,0,2016,Erik,1.4e-05
58,83,2016,Erik,1178.113423
4,11,2016,Erik,68.114621
46,63,2016,Erik,931.392807
29,29,2016,Erik,497.116505
68,104,2016,Erik,1391.551643
69,102,2016,Erik,1385.424678
72,107,2016,Erik,1438.900831
73,99,2016,Erik,1382.486343
19,27,2016,Erik,391.830219
61,87,2016,Erik,1223.698449
62,95,2016,Erik,1285.369838
100,150,2016,Erik,1865.523927
30,36,2016,Erik,578.13615
52,81,2016,Erik,1115.741084
17,17,2016,Erik,285.565229
76,111,2016,Erik,1491.09808
77,119,2016,Erik,1551.174156
42,43,2016,Erik,710.713786
23,31,2016,Erik,467.750679
81,124,2016,Erik,1615.072066
82,130,2016,Erik,1654.516934
49,75,2016,Erik,1043.379301
55,85,2016,Erik,1164.006293
38,55,2016,Erik,800.989747
43,56,2016,Erik,852.748013
65,75,2016,Erik,1129.615128
11,19,2016,Erik,225.059203
85,120,2016,Erik,1601.093806
89,125,2016,Erik,1651.190535
58,90,2016,Erik,1219.57814
96,153,2016,Erik,1863.903482
46,70,2016,Erik,980.117191
68,87,2016,Erik,1260.064816
51,57,2016,Erik,904.248678
73,100,2016,Erik,1391.624222
19,32,2016,Erik,419.289081
61,80,2016,Erik,1170.856429
27,32,2016,Erik,517.314473
100,157,2016,Erik,1907.505362
30,47,2016,Erik,656.810682
34,50,2016,Erik,727.339101
52,88,2016,Erik,1145.879415
76,102,2016,Erik,1420.781544
77,112,2016,Erik,1503.689024
23,20,2016,Erik,346.989365
81,117,2016,Erik,1562.280713
82,125,2016,Erik,1629.063542
49,76,2016,Erik,1051.057223
50,82,2016,Erik,1102.843852
31,52,2016,Erik,694.924183
35,49,2016,Erik,728.392131
74,92,2016,Erik,1323.834156
55,82,2016,Erik,1149.28784
38,46,2016,Erik,728.911618
97,149,2016,Erik,1845.69093
43,49,2016,Erik,787.846618
64,90,2016,Erik,1266.619595
65,76,2016,Erik,1141.745012
11,8,2016,Erik,131.819987
90,124,2016,Erik,1646.157171
96,144,2016,Erik,1810.288017
78,96,2016,Erik,1368.705499
46,73,2016,Erik,995.907412
47,69,2016,Erik,982.045876
68,94,2016,Erik,1320.689371
51,62,2016,Erik,956.576905
69,104,2016,Erik,1398.613075
73,109,2016,Erik,1458.299479
5,6,2016,Erik,76.205125
62,73,2016,Erik,1103.980482
55,58,2016,Erik,920.795135
77,105,2016,Erik,1447.791892
81,110,2016,Erik,1504.535687
82,116,2016,Erik,1560.037123
49,69,2016,Erik,1001.309404
50,77,2016,Erik,1069.411524
35,54,2016,Erik,759.239899
75,95,2016,Erik,1352.362257
43,54,2016,Erik,836.501939
64,81,2016,Erik,1193.1981
14,14,2016,Erik,236.537033
96,151,2016,Erik,1852.978405
78,107,2016,Erik,1468.859973
43,71,2016,Erik,945.090207
47,66,2016,Erik,962.316091
24,35,2016,Erik,505.517523
61,98,2016,Erik,1292.17151
102,155,2016,Erik,1904.283473
47,51,2016,Erik,827.285916
20,23,2016,Erik,369.828831
77,98,2016,Erik,1385.635493
81,103,2016,Erik,1438.636758
82,111,2016,Erik,1515.807534
50,68,2016,Erik,1004.951713
18,29,2016,Erik,390.636284
91,138,2016,Erik,1747.242583
40,50,2016,Erik,783.897824
43,47,2016,Erik,763.502977
65,94,2016,Erik,1302.020261
11,6,2016,Erik,93.433527
14,17,2016,Erik,262.207228
39,59,2016,Erik,832.772942
78,114,2016,Erik,1524.959516
79,96,2016,Erik,1368.080276
26,28,2016,Erik,471.765007
44,70,2016,Erik,955.929397
83,101,2016,Erik,1419.125782
47,75,2016,Erik,1019.037238
69,90,2016,Erik,1289.928963
56,65,2016,Erik,1003.563652
2,5,2016,Erik,28.861433
5,8,2016,Erik,84.45352
66,102,2016,Erik,1362.906992
47,56,2016,Erik,879.378782
86,109,2016,Erik,1501.576067
52,53,2016,Erik,859.618571
20,30,2016,Erik,427.508458
59,77,2016,Erik,1132.881939
23,35,2016,Erik,490.544531
82,102,2016,Erik,1432.022705
32,41,2016,Erik,635.469072
31,35,2016,Erik,572.178317
35,36,2016,Erik,602.184332
18,20,2016,Erik,327.342906
40,57,2016,Erik,834.567175
65,87,2016,Erik,1246.705588
14,24,2016,Erik,299.927716
53,67,2016,Erik,1010.847483
39,48,2016,Erik,754.712044
78,117,2016,Erik,1545.678861
79,105,2016,Erik,1453.636892
44,61,2016,Erik,899.000215
98,153,2016,Erik,1875.097136
83,106,2016,Erik,1470.6101
48,56,2016,Erik,885.833455
12,22,2016,Erik,256.713464
56,72,2016,Erik,1074.696537
62,98,2016,Erik,1303.141008
66,97,2016,Erik,1330.372006
87,110,2016,Erik,1511.73268
52,60,2016,Erik,940.873794
89,128,2016,Erik,1673.14467
60,76,2016,Erik,1129.958538
6,16,2016,Erik,119.263798
82,97,2016,Erik,1378.563955
28,37,2016,Erik,567.856023
32,32,2016,Erik,545.845184
31,40,2016,Erik,618.950381
35,45,2016,Erik,694.212768
18,15,2016,Erik,261.655788
74,112,2016,Erik,1485.881011
8,9,2016,Erik,131.762503
63,86,2016,Erik,1229.780497
53,76,2016,Erik,1088.243482
36,52,2016,Erik,761.803271
54,74,2016,Erik,1080.743004
39,41,2016,Erik,676.342595
78,124,2016,Erik,1592.076363
79,118,2016,Erik,1559.385053
44,52,2016,Erik,826.504236
98,144,2016,Erik,1817.203327
83,115,2016,Erik,1552.556787
48,63,2016,Erik,947.616547
12,13,2016,Erik,205.587734
56,79,2016,Erik,1133.667763
86,127,2016,Erik,1657.606096
89,137,2016,Erik,1730.18094
52,59,2016,Erik,928.822445
59,91,2016,Erik,1232.840514
60,75,2016,Erik,1118.901542
6,11,2016,Erik,111.486508
32,39,2016,Erik,617.93541
88,132,2016,Erik,1696.574384
91,145,2016,Erik,1788.304766
93,141,2016,Erik,1775.976544
63,95,2016,Erik,1293.236434
53,85,2016,Erik,1144.358118
36,51,2016,Erik,754.750189
54,77,2016,Erik,1103.510218
44,51,2016,Erik,815.810291
83,120,2016,Erik,1595.068717
48,54,2016,Erik,865.38213
56,86,2016,Erik,1180.158755
27,26,2016,Erik,449.316284
67,99,2016,Erik,1350.493786
86,118,2016,Erik,1587.238402
87,124,2016,Erik,1639.12535
89,146,2016,Erik,1779.77491
91,121,2016,Erik,1618.333729
59,80,2016,Erik,1160.574336
25,32,2016,Erik,497.993045
6,2,2016,Erik,24.812277
31,30,2016,Erik,515.232726
88,139,2016,Erik,1736.166144
74,98,2016,Erik,1379.471219
75,112,2016,Erik,1491.877946
40,46,2016,Erik,740.809031
21,20,2016,Erik,343.137452
93,134,2016,Erik,1726.870109
72,84,2016,Erik,1240.614509
36,58,2016,Erik,791.887665
54,68,2016,Erik,1027.809776
92,143,2016,Erik,1783.86622
41,49,2016,Erik,777.004475
104,154,2016,Erik,1904.696345
88,116,2016,Erik,1571.646756
15,22,2016,Erik,305.899764
56,93,2016,Erik,1211.936025
41,66,2016,Erik,895.27917
67,104,2016,Erik,1382.298002
86,137,2016,Erik,1712.23351
87,117,2016,Erik,1577.878566
108,158,2016,Erik,1941.342219
91,126,2016,Erik,1663.215266
60,89,2016,Erik,1230.06185
25,41,2016,Erik,549.899042
6,5,2016,Erik,73.441103
32,53,2016,Erik,714.150784
88,146,2016,Erik,1772.912451
70,102,2016,Erik,1392.758811
71,108,2016,Erik,1438.279175
74,109,2016,Erik,1465.52411
75,105,2016,Erik,1439.999602
21,29,2016,Erik,431.684283
80,124,2016,Erik,1608.652352
63,77,2016,Erik,1147.683459
29,45,2016,Erik,630.596071
33,42,2016,Erik,652.566047
72,91,2016,Erik,1308.56052
92,134,2016,Erik,1724.814335
41,58,2016,Erik,849.320158
88,123,2016,Erik,1633.370745
76,95,2016,Erik,1355.039991
45,62,2016,Erik,915.289731
49,59,2016,Erik,917.487833
67,81,2016,Erik,1200.129893
13,21,2016,Erik,267.254768
87,114,2016,Erik,1550.683345
86,128,2016,Erik,1664.30113
92,127,2016,Erik,1672.35741
3,3,2016,Erik,31.994029
60,80,2016,Erik,1167.303435
70,89,2016,Erik,1284.414838
53,63,2016,Erik,972.301461
71,101,2016,Erik,1389.457012
90,133,2016,Erik,1710.108086
75,110,2016,Erik,1478.337859
80,115,2016,Erik,1542.333739
63,74,2016,Erik,1116.629465
48,76,2016,Erik,1039.993105
29,38,2016,Erik,585.410154
33,35,2016,Erik,581.927145
73,84,2016,Erik,1239.679927
54,86,2016,Erik,1160.724972
36,40,2016,Erik,654.269884
9,10,2016,Erik,147.801487
84,135,2016,Erik,1689.221285
37,55,2016,Erik,788.387362
42,66,2016,Erik,909.600287
45,55,2016,Erik,857.517929
66,92,2016,Erik,1294.041596
49,60,2016,Erik,927.928842
67,86,2016,Erik,1247.507427
13,14,2016,Erik,224.952115
3,8,2016,Erik,45.709244
45,72,2016,Erik,978.03658
90,140,2016,Erik,1755.130549
53,56,2016,Erik,895.982495
71,98,2016,Erik,1366.591641
75,103,2016,Erik,1423.67306
93,145,2016,Erik,1800.76203
80,106,2016,Erik,1467.217582
7,12,2016,Erik,132.022427
48,67,2016,Erik,978.734051
33,36,2016,Erik,594.216115
16,28,2016,Erik,351.824892
73,93,2016,Erik,1328.826233
92,148,2016,Erik,1812.42615
94,144,2016,Erik,1801.27114
37,48,2016,Erik,739.283029
24,27,2016,Erik,444.312615
45,48,2016,Erik,784.439377
10,18,2016,Erik,206.873834
66,87,2016,Erik,1252.4206
49,53,2016,Erik,855.63499
67,95,2016,Erik,1321.178726
83,133,2016,Erik,1672.597032
64,97,2016,Erik,1314.91869
45,65,2016,Erik,935.468668
28,31,2016,Erik,515.459138
84,108,2016,Erik,1492.047721
71,91,2016,Erik,1304.839606
57,70,2016,Erik,1058.360497
80,97,2016,Erik,1378.819166
26,37,2016,Erik,543.787989
7,5,2016,Erik,74.041415
16,19,2016,Erik,298.825004
72,112,2016,Erik,1470.293887
92,147,2016,Erik,1806.497619
41,45,2016,Erik,731.191738
22,25,2016,Erik,407.077978
51,68,2016,Erik,1010.062024
37,57,2016,Erik,798.320345
42,52,2016,Erik,814.259959
84,107,2016,Erik,1480.974477
87,142,2016,Erik,1744.600561
57,79,2016,Erik,1139.143729
58,71,2016,Erik,1072.112188
99,155,2016,Erik,1890.67318
63,97,2016,Erik,1305.604345
29,49,2016,Erik,651.372607
33,54,2016,Erik,732.005574
54,59,2016,Erik,932.016556
61,75,2016,Erik,1121.146833
30,48,2016,Erik,663.57604
51,77,2016,Erik,1077.859991
34,47,2016,Erik,703.566414
52,69,2016,Erik,1024.493649
42,63,2016,Erik,891.967532
67,77,2016,Erik,1154.462976
55,73,2016,Erik,1076.031954
84,114,2016,Erik,1547.87832
85,108,2016,Erik,1491.333365
50,62,2016,Erik,953.526008
87,135,2016,Erik,1707.391493
57,80,2016,Erik,1148.318256
58,78,2016,Erik,1138.832289
4,6,2016,Erik,64.976359
80,95,2016,Erik,1357.866564
46,50,2016,Erik,815.042604
73,112,2016,Erik,1477.477792
62,82,2016,Erik,1195.730663
51,82,2016,Erik,1112.509798
34,38,2016,Erik,622.403745
52,76,2016,Erik,1081.441088
37,43,2016,Erik,688.934576
10,15,2016,Erik,195.995119
85,132,2016,Erik,1680.58304
55,70,2016,Erik,1049.97437
38,58,2016,Erik,818.042019
25,23,2016,Erik,397.161271
84,121,2016,Erik,1606.425591
85,117,2016,Erik,1574.498638
50,57,2016,Erik,903.026591
57,89,2016,Erik,1202.869712
58,73,2016,Erik,1091.675768
96,140,2016,Erik,1781.872006
46,53,2016,Erik,845.255803
68,98,2016,Erik,1351.566166
72,101,2016,Erik,1395.421801
19,21,2016,Erik,341.52388
94,140,2016,Erik,1774.799111
22,34,2016,Erik,474.102523
61,93,2016,Erik,1263.772616
62,85,2016,Erik,1217.245436
30,34,2016,Erik,559.098368
34,33,2016,Erik,560.759264
52,75,2016,Erik,1072.657732
76,113,2016,Erik,1505.008516
81,122,2016,Erik,1600.869933
49,81,2016,Erik,1080.820213
38,61,2016,Erik,831.853217
97,154,2016,Erik,1874.786469
25,24,2016,Erik,413.556885
64,77,2016,Erik,1151.210732
85,126,2016,Erik,1648.197031
89,123,2016,Erik,1634.214455
58,80,2016,Erik,1156.037475
46,60,2016,Erik,909.479904
29,28,2016,Erik,484.686348
69,101,2016,Erik,1377.938915
72,108,2016,Erik,1446.28859
73,98,2016,Erik,1374.805321
19,26,2016,Erik,384.960615
61,86,2016,Erik,1217.803675
62,92,2016,Erik,1266.933483
27,42,2016,Erik,586.0771
100,151,2016,Erik,1871.713569
30,37,2016,Erik,585.188621
34,56,2016,Erik,755.619504
17,16,2016,Erik,274.057166
52,82,2016,Erik,1123.409021
76,104,2016,Erik,1437.73772
77,118,2016,Erik,1545.359596
23,30,2016,Erik,461.637249
81,115,2016,Erik,1546.105923
82,131,2016,Erik,1658.242934
49,74,2016,Erik,1037.868135
55,84,2016,Erik,1159.585791
38,52,2016,Erik,782.638082
97,147,2016,Erik,1832.801376
43,59,2016,Erik,874.206982
11,18,2016,Erik,222.782562
89,124,2016,Erik,1643.408379
87,146,2016,Erik,1763.634044
58,91,2016,Erik,1223.920963
96,154,2016,Erik,1869.735908
43,72,2016,Erik,950.881227
46,71,2016,Erik,984.781351
68,80,2016,Erik,1192.835391
51,56,2016,Erik,894.385269
73,107,2016,Erik,1444.659786
27,35,2016,Erik,540.722999
30,44,2016,Erik,639.564245
34,51,2016,Erik,731.876334
76,103,2016,Erik,1428.328087
77,111,2016,Erik,1495.513027
23,23,2016,Erik,390.362314
81,116,2016,Erik,1555.022298
82,122,2016,Erik,1607.507433
49,67,2016,Erik,986.188306
50,83,2016,Erik,1105.242508
35,48,2016,Erik,721.551438
74,93,2016,Erik,1332.115501
75,89,2016,Erik,1292.493593
38,47,2016,Erik,737.436645
97,148,2016,Erik,1839.772743
43,48,2016,Erik,776.836254
64,91,2016,Erik,1273.054839
11,11,2016,Erik,174.144841
90,125,2016,Erik,1654.001788
96,145,2016,Erik,1816.381811
78,97,2016,Erik,1377.17212
43,65,2016,Erik,913.98479
47,68,2016,Erik,976.414559
68,95,2016,Erik,1327.593893
69,87,2016,Erik,1261.979162
73,108,2016,Erik,1452.236538
5,5,2016,Erik,64.750905
62,78,2016,Erik,1156.935792
47,53,2016,Erik,848.500095
77,104,2016,Erik,1440.131923
81,109,2016,Erik,1494.553451
82,117,2016,Erik,1567.272756
49,68,2016,Erik,994.952917
50,74,2016,Erik,1049.96096
35,57,2016,Erik,771.412395
75,94,2016,Erik,1343.786978
38,38,2016,Erik,637.939143
64,82,2016,Erik,1204.428881
14,15,2016,Erik,245.010635
39,61,2016,Erik,843.948197
78,104,2016,Erik,1444.126329
43,70,2016,Erik,941.230142
44,72,2016,Erik,965.919131
47,77,2016,Erik,1030.2739
24,36,2016,Erik,512.172657
5,14,2016,Erik,89.673131
102,152,2016,Erik,1885.593428
47,50,2016,Erik,816.974026
30,30,2016,Erik,514.983422
86,107,2016,Erik,1481.440801
20,16,2016,Erik,281.371932
77,97,2016,Erik,1375.033161
23,37,2016,Erik,499.52737
81,102,2016,Erik,1430.269455
82,108,2016,Erik,1489.815736
50,69,2016,Erik,1011.435199
31,37,2016,Erik,591.683285
18,26,2016,Erik,373.729248
91,141,2016,Erik,1765.406812
40,51,2016,Erik,791.092173
43,46,2016,Erik,752.10182
65,93,2016,Erik,1293.887248
14,22,2016,Erik,292.050906
39,58,2016,Erik,828.528271
78,115,2016,Erik,1531.221984
79,99,2016,Erik,1397.194018
26,29,2016,Erik,481.063125
44,71,2016,Erik,959.968638
47,74,2016,Erik,1014.262633
12,24,2016,Erik,260.799291
69,89,2016,Erik,1279.990441
56,66,2016,Erik,1015.499077
2,2,2016,Erik,28.29569
66,103,2016,Erik,1368.015921
47,59,2016,Erik,905.732427
52,54,2016,Erik,873.098127
20,31,2016,Erik,432.322856
59,76,2016,Erik,1124.406127
23,34,2016,Erik,486.48491
81,95,2016,Erik,1356.601379
82,103,2016,Erik,1440.583721
32,42,2016,Erik,645.665309
31,34,2016,Erik,563.040846
35,39,2016,Erik,635.184021
18,21,2016,Erik,333.941593
91,130,2016,Erik,1692.19266
40,58,2016,Erik,840.982541
65,86,2016,Erik,1239.540858
14,25,2016,Erik,301.508383
53,66,2016,Erik,1002.788708
39,51,2016,Erik,782.401684
95,150,2016,Erik,1841.250776
78,122,2016,Erik,1579.840762
79,104,2016,Erik,1445.438347
44,62,2016,Erik,907.460266
98,150,2016,Erik,1857.780188
83,109,2016,Erik,1498.293928
48,57,2016,Erik,894.270232
12,23,2016,Erik,257.468346
56,73,2016,Erik,1082.452556
62,99,2016,Erik,1307.649495
89,135,2016,Erik,1718.113433
52,61,2016,Erik,949.724633
59,69,2016,Erik,1053.301798
60,77,2016,Erik,1138.415136
28,38,2016,Erik,576.807941
32,33,2016,Erik,556.079222
31,43,2016,Erik,641.074817
35,44,2016,Erik,686.320492
18,12,2016,Erik,207.126395
74,113,2016,Erik,1491.347771
8,10,2016,Erik,139.807873
63,81,2016,Erik,1188.601928
53,75,2016,Erik,1079.403763
36,53,2016,Erik,766.719088
54,75,2016,Erik,1087.650083
39,40,2016,Erik,664.940958
79,113,2016,Erik,1520.660842
44,53,2016,Erik,834.615734
83,114,2016,Erik,1544.803174
12,14,2016,Erik,216.680811
56,80,2016,Erik,1142.775504
86,124,2016,Erik,1637.300886
89,136,2016,Erik,1724.78154
56,63,2016,Erik,981.266265
59,90,2016,Erik,1227.508083
6,8,2016,Erik,105.284559
88,133,2016,Erik,1701.952136
91,144,2016,Erik,1783.278503
93,140,2016,Erik,1769.911507
63,94,2016,Erik,1287.368836
53,84,2016,Erik,1140.663158
36,60,2016,Erik,799.762206
54,66,2016,Erik,1008.484586
83,123,2016,Erik,1617.786122
48,55,2016,Erik,874.445373
56,87,2016,Erik,1184.325006
27,29,2016,Erik,486.911212
67,98,2016,Erik,1344.250145
86,119,2016,Erik,1595.049313
87,127,2016,Erik,1660.157762
89,145,2016,Erik,1774.219557
59,83,2016,Erik,1183.756968
25,39,2016,Erik,539.995054
6,3,2016,Erik,39.036891
88,140,2016,Erik,1742.474904
70,108,2016,Erik,1431.626747
74,99,2016,Erik,1387.172734
75,115,2016,Erik,1510.511252
40,47,2016,Erik,750.258472
21,19,2016,Erik,326.947057
36,59,2016,Erik,794.770124
54,69,2016,Erik,1035.774818
92,136,2016,Erik,1739.063614
41,48,2016,Erik,766.896847
88,117,2016,Erik,1579.93587
15,17,2016,Erik,270.852051
41,65,2016,Erik,889.687399
86,142,2016,Erik,1737.736374
87,116,2016,Erik,1569.538141
60,90,2016,Erik,1237.437457
25,40,2016,Erik,546.044676
