Z, N, experiment, MC, EO, MC-EO, warning
70,103,2003,1399.130965,1399.129888,0.001077,
74,106,2003,1444.589053,1444.58784,0.001213,
75,104,2003,1432.677137,1432.675904,0.001233,
21,28,2003,425.617951,425.617626,0.000325,
80,125,2003,1614.321022,1614.319855,0.001167,
63,76,2003,1138.024276,1138.023302,0.000974,
29,44,2003,625.505143,625.504661,0.000482,
33,41,2003,642.320501,642.32,0.000501,
72,92,2003,1319.189697,1319.188612,0.001085,
92,135,2003,1731.192552,1731.191211,0.001341,
41,57,2003,842.442046,842.441418,0.000628,
88,124,2003,1642.465508,1642.464064,0.001444,
76,88,2003,1284.698485,1284.69728,0.001205,
45,61,2003,906.716188,906.71552,0.000668,
67,80,2003,1189.904894,1189.903848,0.001046,
49,58,2003,908.856273,908.855539,0.000734,
86,129,2003,1669.22128,1669.22001,0.00127,
13,20,2003,264.712538,264.712338,0.0002,
3,2,2003,26.330704,26.33066,4.4e-05,
60,81,2003,1175.31372,1175.312832,0.000888,
70,94,2003,1329.955538,1329.954392,0.001146,
90,130,2003,1690.611017,1690.60958,0.001437,
53,62,2003,963.075704,963.07486,0.000844,
71,100,2003,1382.483256,1382.482161,0.001095,
75,97,2003,1371.114944,1371.113824,0.00112,
80,116,2003,1551.218347,1551.217108,0.001239,
48,77,2003,1044.721285,1044.7205,0.000785,
29,37,2003,576.277597,576.277152,0.000445,
33,34,2003,571.609119,571.608624,0.000495,
73,91,2003,1309.868624,1309.867508,0.001116,
36,41,2003,663.496931,663.496372,0.000559,
54,87,2003,1164.136741,1164.135903,0.000838,
9,9,2003,137.369024,137.36889,0.000134,
84,128,2003,1655.772838,1655.771516,0.001322,
37,54,2003,783.288929,783.288324,0.000605,
24,21,2003,363.39853,363.398175,0.000355,
45,54,2003,849.429879,849.429207,0.000672,
66,93,2003,1300.879041,1300.878057,0.000984,
49,51,2003,832.967299,832.9666,0.000699,
67,89,2003,1272.063829,1272.062844,0.000985,
13,13,2003,211.894245,211.894046,0.000199,
45,71,2003,971.803681,971.802992,0.000689,
70,81,2003,1205.549605,1205.548515,0.00109,
90,141,2003,1760.247182,1760.245872,0.00131,
71,93,2003,1322.792859,1322.791692,0.001167,
75,102,2003,1416.217459,1416.216294,0.001165,
93,144,2003,1795.272093,1795.270734,0.001359,
80,107,2003,1474.867661,1474.866382,0.001279,
7,15,2003,140.053987,140.05387,0.000117,
48,68,2003,987.440282,987.43956,0.000722,
16,29,2003,353.944649,353.944395,0.000254,
73,92,2003,1320.512248,1320.51117,0.001078,
94,145,2003,1806.915794,1806.914329,0.001465,
24,28,2003,456.349471,456.349088,0.000383,
10,19,2003,208.187008,208.186853,0.000155,
66,84,2003,1228.380658,1228.3797,0.000958,
67,94,2003,1314.26871,1314.267633,0.001077,
83,132,2003,1668.751168,1668.749805,0.001363,
64,98,2003,1321.771474,1321.770474,0.001,
45,64,2003,929.579332,929.578596,0.000736,
84,109,2003,1500.40828,1500.406897,0.001383,
71,90,2003,1296.498879,1296.497741,0.001138,
57,69,2003,1047.366539,1047.365676,0.000863,
80,98,2003,1390.424788,1390.423504,0.001284,
26,34,2003,525.350247,525.34986,0.000387,
7,4,2003,59.004597,59.004495,0.000102,
16,20,2003,308.714191,308.713932,0.000259,
94,152,2003,1846.609706,1846.608348,0.001358,
41,44,2003,721.135489,721.1349,0.000589,
22,30,2003,451.962041,451.961692,0.000349,
51,71,2003,1033.131973,1033.131136,0.000837,
37,56,2003,794.303767,794.303235,0.000532,
42,53,2003,821.624704,821.62403,0.000674,
84,116,2003,1565.502094,1565.5008,0.001294,
87,137,2003,1718.255044,1718.2536,0.001444,
57,78,2003,1131.685444,1131.684615,0.000829,
58,68,2003,1042.431296,1042.430382,0.000914,
99,154,2003,1885.578759,1885.577122,0.001637,
63,96,2003,1300.105865,1300.10484,0.001025,
54,56,2003,897.50363,897.50276,0.00087,
61,74,2003,1111.883156,1111.882275,0.000881,
51,76,2003,1071.858488,1071.857648,0.00084,
34,44,2003,679.989558,679.989024,0.000534,
52,70,2003,1034.333493,1034.332714,0.000779,
42,60,2003,873.973909,873.97323,0.000679,
55,72,2003,1068.269075,1068.268247,0.000828,
84,115,2003,1555.69125,1555.689863,0.001387,
50,63,2003,961.275309,961.274502,0.000807,
87,134,2003,1702.420054,1702.418692,0.001362,
57,87,2003,1192.569241,1192.5684,0.000841,
58,79,2003,1146.273788,1146.272835,0.000953,
4,7,2003,65.481101,65.481042,5.9e-05,
46,51,2003,824.729758,824.729017,0.000741,
68,100,2003,1365.779491,1365.778512,0.000979,
94,138,2003,1760.640912,1760.639416,0.001496,
62,83,2003,1202.494183,1202.493265,0.000918,
34,39,2003,630.824525,630.824025,0.0005,
52,77,2003,1087.521871,1087.521084,0.000787,
37,42,2003,679.491153,679.490613,0.00054,
10,12,2003,177.770378,177.77023,0.000148,
85,131,2003,1674.649107,1674.647784,0.001323,
55,65,2003,999.418493,999.4176,0.000893,
38,59,2003,821.977289,821.976739,0.00055,
84,122,2003,1615.15725,1615.155978,0.001272,
85,116,2003,1566.626084,1566.624753,0.001331,
50,54,2003,871.892036,871.89128,0.000756,
57,88,2003,1198.73495,1198.733995,0.000955,
58,86,2003,1197.331449,1197.33048,0.000969,
46,58,2003,892.819786,892.819096,0.00069,
68,99,2003,1358.008175,1358.007093,0.001082,
72,102,2003,1403.927961,1403.92683,0.001131,
19,20,2003,333.724081,333.72378,0.000301,
94,141,2003,1781.036715,1781.035155,0.00156,
22,35,2003,476.397696,476.397336,0.00036,
61,92,2003,1257.873985,1257.872976,0.001009,
62,90,2003,1253.104436,1253.103504,0.000932,
30,35,2003,567.077271,567.076835,0.000436,
52,84,2003,1131.443126,1131.442344,0.000782,
76,114,2003,1512.799415,1512.79824,0.001175,
42,46,2003,750.118075,750.117456,0.000619,
81,121,2003,1593.02051,1593.019268,0.001242,
49,80,2003,1075.804482,1075.803756,0.000726,
38,50,2003,768.469059,768.468448,0.000611,
97,153,2003,1868.991799,1868.99025,0.001549,
25,31,2003,489.345186,489.3448,0.000386,
64,78,2003,1163.017341,1163.016352,0.000989,
85,125,2003,1640.450279,1640.44902,0.001259,
89,122,2003,1626.215482,1626.214136,0.001346,
58,81,2003,1163.490367,1163.489492,0.000875,
101,157,2003,1911.696196,1911.694602,0.001594,
46,61,2003,916.011289,916.010629,0.00066,
69,100,2003,1371.351707,1371.350669,0.001038,
72,109,2003,1451.992444,1451.991412,0.001032,
73,97,2003,1365.151395,1365.15032,0.001075,
19,29,2003,404.682866,404.682576,0.00029,
61,85,2003,1210.149977,1210.149032,0.000945,
62,93,2003,1272.746864,1272.74592,0.000944,
30,42,2003,625.796277,625.795848,0.000429,
52,83,2003,1126.774234,1126.77345,0.000784,
17,23,2003,337.110864,337.1106,0.000264,
76,105,2003,1445.004162,1445.003002,0.00116,
77,117,2003,1538.125308,1538.12415,0.001158,
23,25,2003,413.904984,413.904624,0.00036,
81,114,2003,1538.693039,1538.691765,0.001274,
82,128,2003,1645.553741,1645.55244,0.001301,
49,73,2003,1029.943823,1029.943032,0.000791,
55,87,2003,1173.61392,1173.613102,0.000818,
38,53,2003,788.406552,788.405982,0.00057,
97,146,2003,1826.752767,1826.751285,0.001482,
43,58,2003,867.898627,867.897949,0.000678,
11,21,2003,230.612031,230.611872,0.000159,
58,88,2003,1208.712592,1208.711662,0.00093,
96,155,2003,1874.149203,1874.147724,0.001479,
46,68,2003,967.639585,967.63884,0.000745,
68,81,2003,1203.169334,1203.168295,0.001039,
73,106,2003,1438.021905,1438.020844,0.001061,
27,34,2003,534.125821,534.125394,0.000427,
30,45,2003,644.347874,644.347425,0.000449,
34,48,2003,712.842752,712.842236,0.000516,
55,63,2003,977.796585,977.79579,0.000795,
76,96,2003,1366.04742,1366.046188,0.001232,
77,110,2003,1488.812576,1488.811346,0.00123,
23,22,2003,377.095274,377.094915,0.000359,
81,107,2003,1476.385532,1476.384304,0.001228,
82,123,2003,1614.23895,1614.23765,0.0013,
49,66,2003,979.403855,979.403135,0.00072,
50,80,2003,1090.293623,1090.29284,0.000783,
35,51,2003,742.391253,742.3907,0.000553,
74,90,2003,1304.037237,1304.03616,0.001077,
75,88,2003,1282.956653,1282.955559,0.001094,
38,44,2003,708.127796,708.127236,0.00056,
43,51,2003,809.217522,809.21686,0.000662,
64,92,2003,1281.598474,1281.597408,0.001066,
11,10,2003,163.076173,163.076004,0.000169,
90,122,2003,1628.618359,1628.617072,0.001287,
96,146,2003,1823.349741,1823.348274,0.001467,
78,102,2003,1426.251202,1426.24998,0.001222,
43,64,2003,909.093563,909.092865,0.000698,
47,71,2003,995.211498,995.21082,0.000678,
68,88,2003,1270.139766,1270.13874,0.001026,
69,86,2003,1253.708633,1253.70758,0.001053,
5,4,2003,56.314515,56.31444,7.5e-05,
62,79,2003,1165.489837,1165.488939,0.000898,
47,52,2003,839.048554,839.047869,0.000685,
77,103,2003,1430.575103,1430.57394,0.001163,
81,108,2003,1486.712327,1486.711044,0.001283,
82,114,2003,1543.187752,1543.1864,0.001352,
50,75,2003,1055.696619,1055.695875,0.000744,
35,56,2003,768.616595,768.61603,0.000565,
38,39,2003,649.566885,649.566302,0.000583,
64,83,2003,1211.777479,1211.776566,0.000913,
65,91,2003,1278.371464,1278.370392,0.001072,
14,12,2003,206.046235,206.046022,0.000213,
39,60,2003,838.750407,838.74978,0.000627,
78,105,2003,1451.801638,1451.800488,0.00115,
79,101,2003,1416.629319,1416.62808,0.001239,
69,95,2003,1331.603617,1331.602592,0.001025,
2,8,2003,30.33931,30.33927,4e-05,
24,37,2003,515.755052,515.754695,0.000357,
61,96,2003,1281.84802,1281.847067,0.000953,
102,153,2003,1891.534538,1891.53288,0.001658,
47,61,2003,922.534516,922.53384,0.000676,
30,31,2003,525.22588,525.225433,0.000447,
20,17,2003,296.153861,296.15355,0.000311,
77,96,2003,1366.370287,1366.369051,0.001236,
23,36,2003,495.280658,495.280279,0.000379,
81,101,2003,1418.961887,1418.960634,0.001253,
82,109,2003,1497.71643,1497.715231,0.001199,
50,66,2003,988.684331,988.683544,0.000787,
31,36,2003,583.405658,583.40518,0.000478,
18,27,2003,378.8979,378.897615,0.000285,
91,140,2003,1759.856405,1759.85502,0.001385,
75,86,2003,1261.682804,1261.681652,0.001152,
40,52,2003,799.721807,799.721224,0.000583,
65,92,2003,1287.115888,1287.114888,0.001,
14,23,2003,294.266098,294.265884,0.000214,
39,53,2003,796.863585,796.862968,0.000617,
78,112,2003,1509.851845,1509.85058,0.001265,
98,156,2003,1892.10534,1892.103912,0.001428,
26,26,2003,447.699486,447.699096,0.00039,
44,64,2003,920.952558,920.951856,0.000702,
79,98,2003,1388.369156,1388.367999,0.001157,
83,103,2003,1439.500777,1439.49957,0.001207,
69,88,2003,1271.925203,1271.924196,0.001007,
56,67,2003,1024.616429,1024.615584,0.000845,
2,3,2003,27.40569,27.40566,3e-05,
66,100,2003,1350.794908,1350.793958,0.00095,
47,58,2003,897.786718,897.786015,0.000703,
20,24,2003,380.959806,380.95948,0.000326,
59,79,2003,1150.815741,1150.814844,0.000897,
82,100,2003,1411.654682,1411.653516,0.001166,
28,40,2003,590.408107,590.407688,0.000419,
32,43,2003,652.170612,652.17015,0.000462,
31,45,2003,655.464476,655.463976,0.0005,
35,38,2003,625.453486,625.452977,0.000509,
18,18,2003,306.716989,306.716724,0.000265,
91,133,2003,1712.91268,1712.9112,0.00148,
40,59,2003,845.535623,845.535042,0.000581,
8,4,2003,58.549196,58.54908,0.000116,
65,85,2003,1230.956581,1230.95565,0.000931,
53,65,2003,991.922908,991.922042,0.000866,
39,50,2003,775.538053,775.537456,0.000597,
95,145,2003,1811.282871,1811.28144,0.001431,
78,123,2003,1585.054031,1585.052835,0.001196,
98,151,2003,1863.363896,1863.362367,0.001529,
44,63,2003,913.13123,913.13051,0.00072,
79,107,2003,1471.175671,1471.17444,0.001231,
83,108,2003,1489.92822,1489.927015,0.001205,
48,58,2003,905.14021,905.139512,0.000698,
12,16,2003,231.627546,231.627368,0.000178,
56,74,2003,1092.722279,1092.72137,0.000909,
62,96,2003,1291.976248,1291.975322,0.000926,
86,122,2003,1621.201457,1621.200048,0.001409,
89,134,2003,1712.449813,1712.448443,0.00137,
52,62,2003,961.337492,961.336692,0.0008,
60,78,2003,1148.91997,1148.919,0.00097,
28,39,2003,582.615654,582.61525,0.000404,
32,34,2003,569.296751,569.296266,0.000485,
31,42,2003,634.653217,634.652729,0.000488,
35,47,2003,711.962876,711.962376,0.0005,
8,11,2003,143.761506,143.761391,0.000115,
63,80,2003,1179.153869,1179.152832,0.001037,
53,74,2003,1072.576846,1072.576087,0.000759,
36,54,2003,773.224467,773.22393,0.000537,
54,72,2003,1063.908606,1063.907712,0.000894,
39,43,2003,699.529472,699.52888,0.000592,
79,112,2003,1513.626705,1513.625531,0.001174,
44,54,2003,844.790969,844.790282,0.000687,
83,117,2003,1569.700007,1569.6988,0.001207,
12,15,2003,223.124238,223.124058,0.00018,
56,81,2003,1149.681128,1149.680299,0.000829,
86,125,2003,1644.52299,1644.521551,0.001439,
89,143,2003,1763.769804,1763.7684,0.001404,
59,93,2003,1244.490732,1244.489816,0.000916,
6,9,2003,106.502626,106.502535,9.1e-05,
88,134,2003,1708.665982,1708.664514,0.001468,
70,106,2003,1419.28277,1419.2816,0.00117,
91,147,2003,1799.012404,1799.01106,0.001344,
40,41,2003,680.971912,680.971293,0.000619,
63,89,2003,1250.447835,1250.446848,0.000987,
53,83,2003,1135.734877,1135.734096,0.000781,
54,67,2003,1016.856256,1016.855444,0.000812,
79,121,2003,1579.728153,1579.727,0.001153,
83,122,2003,1610.748196,1610.74691,0.001286,
56,88,2003,1190.228083,1190.227248,0.000835,
27,28,2003,476.827049,476.826625,0.000424,
67,101,2003,1363.631824,1363.6308,0.001024,
86,116,2003,1569.40059,1569.399206,0.001384,
87,126,2003,1654.677585,1654.676229,0.001356,
91,123,2003,1636.584343,1636.582976,0.001367,
59,82,2003,1177.919066,1177.918089,0.000977,
60,92,2003,1250.058399,1250.057424,0.000975,
25,38,2003,535.285852,535.285485,0.000367,
32,48,2003,690.185943,690.18544,0.000503,
88,141,2003,1746.923716,1746.922378,0.001338,
74,96,2003,1361.524761,1361.52354,0.001221,
75,114,2003,1504.782039,1504.780956,0.001083,
93,132,2003,1711.698927,1711.6974,0.001527,
21,18,2003,312.520425,312.520104,0.000321,
48,80,2003,1062.865703,1062.864896,0.000807,
72,86,2003,1261.044367,1261.043188,0.001179,
36,36,2003,606.911818,606.911256,0.000562,
92,137,2003,1745.146576,1745.145109,0.001467,
41,55,2003,828.374559,828.37392,0.000639,
88,118,2003,1590.2811,1590.27983,0.00127,
15,16,2003,262.916744,262.916518,0.000226,
41,64,2003,886.265377,886.264785,0.000592,
13,26,2003,283.214651,283.214451,0.0002,
87,119,2003,1595.871063,1595.86964,0.001423,
60,91,2003,1242.781916,1242.781038,0.000878,
70,100,2003,1378.129686,1378.12863,0.001056,
74,107,2003,1451.269846,1451.268679,0.001167,
75,107,2003,1455.752397,1455.751206,0.001191,
21,27,2003,415.490366,415.490064,0.000302,
80,126,2003,1621.050355,1621.04902,0.001335,
63,79,2003,1168.160048,1168.159024,0.001024,
29,43,2003,618.230229,618.2298,0.000429,
33,40,2003,634.345917,634.345399,0.000518,
72,93,2003,1327.074981,1327.07388,0.001101,
36,35,2003,591.822904,591.822346,0.000558,
41,56,2003,836.447825,836.447199,0.000626,
9,7,2003,111.419835,111.419696,0.000139,
88,125,2003,1649.987748,1649.986395,0.001353,
15,25,2003,319.224558,319.22432,0.000238,
45,60,2003,900.129033,900.128355,0.000678,
49,57,2003,897.831829,897.83113,0.000699,
67,83,2003,1220.229278,1220.22825,0.001028,
86,134,2003,1697.795869,1697.79456,0.001309,
13,19,2003,259.173809,259.1736,0.000209,
3,5,2003,41.2767,41.276656,4.4e-05,
60,82,2003,1185.142354,1185.141372,0.000982,
70,95,2003,1337.291364,1337.29035,0.001014,
90,131,2003,1696.413297,1696.411912,0.001385,
71,103,2003,1404.438947,1404.437868,0.001079,
75,96,2003,1362.770663,1362.769452,0.001211,
80,117,2003,1558.003961,1558.002671,0.00129,
48,78,2003,1051.761485,1051.760682,0.000803,
29,36,2003,569.211666,569.21124,0.000426,
33,33,2003,558.392295,558.391812,0.000483,
73,90,2003,1301.055583,1301.054427,0.001156,
36,42,2003,675.578533,675.577968,0.000565,
54,84,2003,1151.746775,1151.74593,0.000845,
78,94,2003,1348.345715,1348.344464,0.001251,
9,8,2003,128.219706,128.219576,0.00013,
84,129,2003,1660.128136,1660.126899,0.001237,
37,53,2003,776.834,776.83347,0.00053,
77,94,2003,1346.385888,1346.384745,0.001143,
24,22,2003,381.978372,381.97802,0.000352,
42,64,2003,898.956787,898.956108,0.000679,
45,53,2003,838.958982,838.958302,0.00068,
66,90,2003,1278.02144,1278.020484,0.000956,
67,88,2003,1264.677633,1264.67662,0.001013,
13,12,2003,200.52879,200.5286,0.00019,
45,70,2003,967.204973,967.20428,0.000693,
70,86,2003,1257.626769,1257.625668,0.001101,
90,138,2003,1743.078318,1743.076872,0.001446,
71,92,2003,1314.87058,1314.869492,0.001088,
57,67,2003,1026.509046,1026.508208,0.000838,
80,108,2003,1485.022905,1485.021588,0.001317,
7,14,2003,138.770181,138.770079,0.000102,
48,69,2003,993.217509,993.216744,0.000765,
94,150,2003,1836.056706,1836.055348,0.001358,
41,42,2003,696.802287,696.801683,0.000604,
51,65,2003,983.195067,983.194308,0.000759,
37,62,2003,820.993019,820.992447,0.000572,
24,29,2003,464.288596,464.288215,0.000381,
10,16,2003,201.601324,201.601166,0.000158,
66,85,2003,1235.893622,1235.892569,0.001053,
60,96,2003,1272.715846,1272.714924,0.000922,
84,110,2003,1511.124733,1511.123424,0.001309,
71,85,2003,1247.329869,1247.328732,0.001137,
57,68,2003,1038.081142,1038.08025,0.000892,
80,99,2003,1399.100909,1399.099621,0.001288,
26,35,2003,530.931123,530.930702,0.000421,
7,7,2003,104.658702,104.658596,0.000106,
16,21,2003,313.017793,313.017558,0.000235,
22,31,2003,457.397361,457.396996,0.000365,
51,70,2003,1026.325591,1026.324783,0.000808,
37,39,2003,644.953669,644.9531,0.000569,
42,50,2003,796.508262,796.507664,0.000598,
84,117,2003,1573.143844,1573.14258,0.001264,
87,136,2003,1713.457083,1713.455734,0.001349,
71,82,2003,1217.773976,1217.7729,0.001076,
57,77,2003,1122.182265,1122.181392,0.000873,
58,69,2003,1051.657667,1051.656774,0.000893,
26,42,2003,571.637131,571.636696,0.000435,
16,12,2003,209.406369,209.40612,0.000249,
22,22,2003,375.475119,375.474792,0.000327,
61,73,2003,1100.573033,1100.57215,0.000883,
51,79,2003,1091.663946,1091.66317,0.000776,
34,45,2003,686.952392,686.951847,0.000545,
52,71,2003,1041.262677,1041.261912,0.000765,
42,61,2003,879.334782,879.334175,0.000607,
55,75,2003,1093.143433,1093.14257,0.000863,
65,101,2003,1346.747241,1346.746214,0.001027,
84,124,2003,1630.587663,1630.586256,0.001407,
50,60,2003,934.572204,934.57144,0.000764,
87,129,2003,1672.362782,1672.361424,0.001358,
57,86,2003,1187.792549,1187.791605,0.000944,
58,76,2003,1121.017264,1121.016396,0.000868,
68,101,2003,1371.782761,1371.781788,0.000973,
72,96,2003,1355.013979,1355.012904,0.001075,
94,139,2003,1767.025967,1767.024468,0.001499,
62,80,2003,1176.615381,1176.614414,0.000967,
51,84,2003,1119.436567,1119.435795,0.000772,
34,36,2003,600.439145,600.43865,0.000495,
52,78,2003,1095.941418,1095.94056,0.000858,
37,41,2003,667.552701,667.552158,0.000543,
76,116,2003,1526.116231,1526.115072,0.001159,
10,13,2003,182.971026,182.970865,0.000161,
85,130,2003,1670.090162,1670.088825,0.001337,
55,64,2003,989.763587,989.762746,0.000841,
38,56,2003,807.815657,807.815038,0.000619,
84,123,2003,1622.192678,1622.191311,0.001367,
85,115,2003,1556.753009,1556.7516,0.001409,
50,55,2003,881.634255,881.633445,0.00081,
58,87,2003,1202.062617,1202.061745,0.000872,
96,142,2003,1796.473773,1796.472314,0.001459,
46,59,2003,899.913887,899.91321,0.000677,
72,103,2003,1410.6365,1410.63545,0.00105,
19,23,2003,359.15258,359.15229,0.00029,
22,32,2003,464.234234,464.233896,0.000338,
61,91,2003,1250.380281,1250.37936,0.000921,
62,91,2003,1258.972835,1258.971822,0.001013,
30,32,2003,538.123149,538.122676,0.000473,
52,85,2003,1134.650454,1134.649618,0.000836,
17,29,2003,372.689214,372.688964,0.00025,
76,115,2003,1518.55814,1518.55696,0.00118,
42,47,2003,760.493194,760.49254,0.000654,
81,120,2003,1586.147949,1586.146677,0.001272,
55,89,2003,1182.511407,1182.510576,0.000831,
38,51,2003,774.827778,774.827236,0.000542,
97,152,2003,1864.022229,1864.020723,0.001506,
25,30,2003,482.074738,482.07434,0.000398,
64,79,2003,1172.361536,1172.360618,0.000918,
85,124,2003,1633.286766,1633.285467,0.001299,
89,121,2003,1616.559552,1616.55816,0.001392,
101,156,2003,1906.316849,1906.315233,0.001616,
46,66,2003,954.336683,954.335984,0.000699,
69,99,2003,1363.31809,1363.316976,0.001114,
72,110,2003,1458.710441,1458.709252,0.001189,
73,96,2003,1357.232842,1357.231733,0.001109,
19,28,2003,400.183885,400.183568,0.000317,
61,84,2003,1203.892541,1203.891645,0.000896,
27,44,2003,595.813946,595.81354,0.000406,
30,43,2003,631.146558,631.146101,0.000457,
34,54,2003,747.554786,747.55428,0.000506,
17,22,2003,331.281939,331.281678,0.000261,
76,106,2003,1454.13162,1454.130496,0.001124,
77,116,2003,1532.058518,1532.057353,0.001165,
23,24,2003,403.360332,403.359969,0.000363,
81,113,2003,1529.293722,1529.292494,0.001228,
82,129,2003,1649.388216,1649.387,0.001216,
49,72,2003,1024.13621,1024.135409,0.000801,
55,86,2003,1169.504408,1169.503491,0.000917,
38,42,2003,686.284999,686.2844,0.000599,
43,61,2003,888.262906,888.262232,0.000674,
11,20,2003,228.950423,228.950252,0.000171,
58,89,2003,1213.137162,1213.136316,0.000846,
46,69,2003,972.617238,972.616525,0.000713,
68,82,2003,1215.331924,1215.3309,0.001024,
51,58,2003,916.133819,916.13301,0.000809,
73,105,2003,1430.091535,1430.090448,0.001087,
100,152,2003,1878.921423,1878.919812,0.001611,
27,37,2003,555.234039,555.2336,0.000439,
34,49,2003,718.660719,718.660231,0.000488,
17,15,2003,258.312282,258.312032,0.00025,
55,62,2003,967.75869,967.757895,0.000795,
76,97,2003,1374.31891,1374.317709,0.001201,
77,109,2003,1480.198436,1480.1973,0.001136,
81,106,2003,1468.410982,1468.409646,0.001336,
82,120,2003,1592.188505,1592.18723,0.001275,
49,65,2003,970.368076,970.367316,0.00076,
50,81,2003,1095.54021,1095.539376,0.000834,
31,49,2003,680.588276,680.58776,0.000516,
35,50,2003,737.290632,737.290085,0.000547,
74,91,2003,1312.736785,1312.73571,0.001075,
38,45,2003,716.986169,716.985623,0.000546,
43,50,2003,800.594776,800.594127,0.000649,
8,16,2003,168.382565,168.38244,0.000125,
64,93,2003,1287.958273,1287.95735,0.000923,
11,13,2003,193.52408,193.523904,0.000176,
14,10,2003,172.004294,172.004088,0.000206,
90,123,2003,1636.66187,1636.660476,0.001394,
96,147,2003,1829.042684,1829.041074,0.00161,
78,103,2003,1434.26122,1434.259928,0.001292,
43,67,2003,925.165411,925.16479,0.000621,
47,70,2003,989.839842,989.839071,0.000771,
68,89,2003,1277.418101,1277.416998,0.001103,
69,85,2003,1243.431212,1243.430188,0.001024,
5,3,2003,37.737388,37.737312,7.6e-05,
62,76,2003,1136.835011,1136.834064,0.000947,
47,55,2003,868.769665,868.768986,0.000679,
77,102,2003,1422.603623,1422.6025,0.001123,
82,115,2003,1550.647065,1550.645706,0.001359,
50,72,2003,1035.530081,1035.52929,0.000791,
64,84,2003,1220.761564,1220.760536,0.001028,
65,90,2003,1271.45704,1271.45601,0.00103,
14,13,2003,219.357222,219.357018,0.000204,
39,63,2003,854.655908,854.655348,0.00056,
78,110,2003,1494.208737,1494.207456,0.001281,
79,100,2003,1407.913697,1407.912507,0.00119,
69,94,2003,1324.378911,1324.377771,0.00114,
24,38,2003,522.06027,522.059902,0.000368,
5,12,2003,89.529923,89.529837,8.6e-05,
47,60,2003,915.263105,915.262378,0.000727,
30,28,2003,486.964141,486.963708,0.000433,
20,18,2003,313.122639,313.122356,0.000283,
59,73,2003,1094.469797,1094.468892,0.000905,
81,100,2003,1410.340668,1410.339511,0.001157,
82,106,2003,1471.071894,1471.070672,0.001222,
50,67,2003,995.627492,995.62671,0.000782,
31,39,2003,609.650017,609.64953,0.000487,
18,24,2003,359.336032,359.335746,0.000286,
91,143,2003,1777.154884,1777.153482,0.001402,
40,53,2003,806.456283,806.455638,0.000645,
65,83,2003,1214.243858,1214.242912,0.000946,
14,20,2003,283.428916,283.428692,0.000224,
53,71,2003,1046.744729,1046.743892,0.000837,
39,52,2003,790.323971,790.323352,0.000619,
78,113,2003,1516.297701,1516.296475,0.001226,
79,109,2003,1487.904256,1487.903064,0.001192,
26,27,2003,458.384512,458.384121,0.000391,
44,65,2003,926.201665,926.201013,0.000652,
56,68,2003,1036.122569,1036.12168,0.000889,
66,101,2003,1356.212659,1356.211676,0.000983,
20,25,2003,388.374594,388.3743,0.000294,
59,78,2003,1142.790235,1142.789336,0.000899,
82,101,2003,1420.468599,1420.467411,0.001188,
28,41,2003,594.994258,594.993831,0.000427,
32,44,2003,661.598549,661.598088,0.000461,
31,44,2003,649.561098,649.5606,0.000498,
35,41,2003,656.327673,656.327108,0.000565,
18,19,2003,315.504426,315.504143,0.000283,
74,116,2003,1509.954081,1509.95299,0.001091,
91,132,2003,1706.39087,1706.389533,0.001337,
40,60,2003,852.442775,852.4422,0.000575,
8,5,2003,75.55604,75.555922,0.000118,
65,84,2003,1223.270694,1223.269736,0.000958,
53,64,2003,983.31505,983.314215,0.000835,
39,45,2003,721.637569,721.636944,0.000625,
95,144,2003,1805.331353,1805.329759,0.001594,
78,120,2003,1567.006639,1567.005462,0.001177,
98,148,2003,1844.783831,1844.78229,0.001541,
44,56,2003,861.92812,861.9274,0.00072,
79,106,2003,1463.256458,1463.25528,0.001178,
83,111,2003,1516.892092,1516.89085,0.001242,
48,59,2003,913.06387,913.0631,0.00077,
12,17,2003,235.299254,235.299069,0.000185,
56,75,2003,1100.215784,1100.214897,0.000887,
62,97,2003,1297.048198,1297.04727,0.000928,
86,123,2003,1628.553408,1628.552035,0.001373,
89,133,2003,1705.583491,1705.582044,0.001447,
52,63,2003,969.582999,969.58225,0.000749,
56,58,2003,922.265154,922.264332,0.000822,
20,32,2003,436.571011,436.57068,0.000331,
59,71,2003,1074.289134,1074.28828,0.000854,
60,79,2003,1156.964902,1156.963998,0.000904,
28,32,2003,526.845827,526.84542,0.000407,
32,35,2003,578.401452,578.40095,0.000502,
88,128,2003,1671.268356,1671.266952,0.001404,
35,46,2003,704.369932,704.369358,0.000574,
8,12,2003,151.370232,151.3701,0.000132,
63,83,2003,1206.247716,1206.246744,0.000972,
53,73,2003,1063.43294,1063.432062,0.000878,
36,55,2003,777.636262,777.635677,0.000585,
54,73,2003,1071.132181,1071.131335,0.000846,
39,42,2003,689.283099,689.282541,0.000558,
79,115,2003,1536.293423,1536.292208,0.001215,
44,55,2003,852.254795,852.254073,0.000722,
83,116,2003,1562.057053,1562.055674,0.001379,
48,50,2003,821.067782,821.06703,0.000752,
12,8,2003,134.468013,134.46784,0.000173,
15,13,2003,221.420658,221.420444,0.000214,
56,82,2003,1158.29285,1158.29196,0.00089,
86,114,2003,1550.989013,1550.9876,0.001413,
89,142,2003,1758.929515,1758.928017,0.001498,
59,92,2003,1239.38213,1239.381273,0.000857,
60,70,2003,1068.927577,1068.92669,0.000887,
6,14,2003,119.17475,119.17466,9e-05,
88,135,2003,1713.823921,1713.822569,0.001352,
70,107,2003,1424.849171,1424.848053,0.001118,
91,146,2003,1794.068159,1794.066774,0.001385,
74,102,2003,1413.300907,1413.299712,0.001195,
93,138,2003,1756.092393,1756.090875,0.001518,
38,64,2003,846.623241,846.622644,0.000597,
63,88,2003,1244.141115,1244.140189,0.000926,
53,82,2003,1131.953901,1131.95313,0.000771,
54,64,2003,988.248608,988.247758,0.00085,
79,120,2003,1573.482986,1573.481657,0.001329,
83,125,2003,1632.770502,1632.769216,0.001286,
12,7,2003,110.926951,110.926769,0.000182,
56,89,2003,1193.94543,1193.9445,0.00093,
27,31,2003,506.859314,506.858926,0.000388,
66,78,2003,1167.220331,1167.21936,0.000971,
67,100,2003,1357.780326,1357.779305,0.001021,
86,117,2003,1577.357152,1577.355878,0.001274,
87,121,2003,1613.436354,1613.434992,0.001362,
91,122,2003,1628.335181,1628.33388,0.001301,
59,85,2003,1196.867772,1196.8668,0.000972,
60,93,2003,1255.320318,1255.319406,0.000912,
25,37,2003,528.902187,528.901788,0.000399,
32,49,2003,695.0454,695.044881,0.000519,
88,142,2003,1753.039999,1753.03861,0.001389,
70,98,2003,1362.792739,1362.79164,0.001099,
74,97,2003,1369.388806,1369.387665,0.001141,
80,120,2003,1581.181073,1581.1798,0.001273,
72,87,2003,1269.865069,1269.863994,0.001075,
36,37,2003,617.593968,617.593432,0.000536,
92,138,2003,1752.81377,1752.81229,0.00148,
41,54,2003,821.481446,821.48077,0.000676,
95,143,2003,1798.228933,1798.227564,0.001369,
104,157,2003,1923.935939,1923.934356,0.001583,
88,119,2003,1598.379585,1598.378238,0.001347,
15,19,2003,287.247482,287.247266,0.000216,
13,25,2003,280.489156,280.488944,0.000212,
87,118,2003,1587.866911,1587.86563,0.001281,
60,84,2003,1199.082959,1199.082096,0.000863,
70,101,2003,1384.744184,1384.743123,0.001061,
71,105,2003,1418.393663,1418.392624,0.001039,
74,104,2003,1429.217902,1429.216824,0.001078,
75,106,2003,1448.744997,1448.74391,0.001087,
21,26,2003,407.255068,407.254765,0.000303,
80,127,2003,1624.394827,1624.393584,0.001243,
63,78,2003,1158.695426,1158.694431,0.000995,
48,72,2003,1014.980225,1014.97944,0.000785,
29,42,2003,613.087039,613.086562,0.000477,
33,47,2003,692.047727,692.0472,0.000527,
72,94,2003,1337.369776,1337.368708,0.001068,
36,44,2003,695.433934,695.43336,0.000574,
54,82,2003,1141.878386,1141.877488,0.000898,
41,63,2003,879.565072,879.5644,0.000672,
9,6,2003,97.253399,97.253265,0.000134,
88,126,2003,1658.316219,1658.31489,0.001329,
15,24,2003,315.920137,315.91989,0.000247,
76,90,2003,1305.819859,1305.818748,0.001111,
45,59,2003,891.161899,891.161232,0.000667,
49,56,2003,888.635145,888.634425,0.00072,
67,82,2003,1211.898455,1211.89746,0.000995,
86,135,2003,1702.008193,1702.006748,0.001445,
13,18,2003,254.994153,254.993941,0.000212,
3,4,2003,39.244085,39.244037,4.8e-05,
60,83,2003,1191.265924,1191.264932,0.000992,
70,92,2003,1312.621713,1312.620714,0.000999,
90,128,2003,1676.762895,1676.761606,0.001289,
53,60,2003,941.72361,941.72279,0.00082,
71,102,2003,1397.678128,1397.677034,0.001094,
75,99,2003,1389.407433,1389.406356,0.001077,
93,149,2003,1823.083568,1823.082074,0.001494,
80,118,2003,1566.488747,1566.487494,0.001253,
48,79,2003,1056.022487,1056.021764,0.000723,
29,35,2003,559.30093,559.30048,0.00045,
16,24,2003,333.201955,333.20172,0.000235,
73,89,2003,1290.225564,1290.224376,0.001188,
36,43,2003,683.91286,683.912322,0.000538,
54,85,2003,1155.311096,1155.310315,0.000781,
78,95,2003,1357.257588,1357.256449,0.001139,
9,15,2003,179.111105,179.110968,0.000137,
84,130,2003,1666.015967,1666.01461,0.001357,
37,52,2003,771.113472,771.11291,0.000562,
24,23,2003,395.134333,395.133982,0.000351,
42,65,2003,903.715896,903.715259,0.000637,
45,52,2003,830.302091,830.301376,0.000715,
83,129,2003,1654.303046,1654.30172,0.001326,
66,91,2003,1284.990815,1284.989736,0.001079,
67,91,2003,1289.04294,1289.041894,0.001046,
13,11,2003,183.598246,183.598056,0.00019,
45,69,2003,960.556978,960.556248,0.00073,
70,87,2003,1265.875412,1265.874358,0.001054,
90,139,2003,1748.33531,1748.333934,0.001376,
71,95,2003,1340.314106,1340.31305,0.001056,
80,109,2003,1492.523231,1492.522038,0.001193,
7,9,2003,117.981097,117.980992,0.000105,
48,70,2003,1001.572083,1001.571374,0.000709,
94,151,2003,1840.82751,1840.82612,0.00139,
79,92,2003,1325.955823,1325.954691,0.001132,
106,154,2003,1909.031876,1909.03024,0.001636,
51,64,2003,975.305976,975.305225,0.000751,
37,61,2003,816.264475,816.263854,0.000621,
24,30,2003,474.007718,474.007356,0.000362,
10,17,2003,203.032304,203.032143,0.000161,
66,82,2003,1210.780564,1210.779564,0.001,
28,26,2003,453.15662,453.156174,0.000446,
84,111,2003,1519.265799,1519.2645,0.001299,
71,84,2003,1238.062799,1238.061725,0.001074,
57,75,2003,1104.561224,1104.560292,0.000932,
80,100,2003,1410.495301,1410.49404,0.001261,
26,32,2003,509.949197,509.948818,0.000379,
7,6,2003,94.10532,94.105219,0.000101,
33,50,2003,713.983052,713.982517,0.000535,
16,22,2003,321.053948,321.053716,0.000232,
22,28,2003,437.78124,437.7809,0.00034,
61,79,2003,1160.46876,1160.46784,0.00092,
51,73,2003,1048.564725,1048.563964,0.000761,
37,38,2003,633.624197,633.623625,0.000572,
42,51,2003,804.578071,804.57741,0.000661,
55,77,2003,1109.541571,1109.540784,0.000787,
65,99,2003,1334.927781,1334.926708,0.001073,
84,118,2003,1582.614474,1582.613238,0.001236,
87,139,2003,1728.681771,1728.680328,0.001443,
57,76,2003,1114.38668,1114.385853,0.000827,
99,156,2003,1896.646219,1896.64461,0.001609,
16,13,2003,224.710472,224.710241,0.000231,
54,62,2003,967.073638,967.07286,0.000778,
22,23,2003,385.003715,385.003395,0.00032,
61,72,2003,1091.17061,1091.169639,0.000971,
51,78,2003,1085.928704,1085.927934,0.00077,
34,42,2003,662.072887,662.072328,0.000559,
52,64,2003,980.86052,980.859692,0.000828,
37,47,2003,728.794406,728.793828,0.000578,
42,58,2003,860.458109,860.4575,0.000609,
55,74,2003,1085.672115,1085.671224,0.000891,
84,125,2003,1637.555409,1637.554083,0.001326,
50,61,2003,942.744431,942.743646,0.000785,
87,128,2003,1666.95227,1666.9509,0.00137,
57,85,2003,1181.568933,1181.568084,0.000849,
58,77,2003,1128.877529,1128.876615,0.000914,
68,102,2003,1379.040001,1379.03898,0.001021,
72,97,2003,1362.441635,1362.440482,0.001153,
19,17,2003,293.129287,293.128992,0.000295,
94,136,2003,1745.930178,1745.92862,0.001558,
62,81,2003,1185.217001,1185.216032,0.000969,
34,37,2003,609.580583,609.580085,0.000498,
52,79,2003,1101.870799,1101.869951,0.000848,
17,27,2003,362.069378,362.069092,0.000286,
37,40,2003,657.369686,657.369097,0.000589,
76,117,2003,1531.699647,1531.698373,0.001274,
10,10,2003,160.644959,160.6448,0.000159,
85,129,2003,1664.143429,1664.14211,0.001319,
55,67,2003,1019.812299,1019.81142,0.000879,
38,57,2003,812.16337,812.16279,0.00058,
85,114,2003,1548.513101,1548.511734,0.001367,
50,52,2003,849.087261,849.086454,0.000807,
89,119,2003,1598.44628,1598.444848,0.001432,
58,84,2003,1185.290304,1185.289336,0.000968,
4,8,2003,68.649977,68.649912,6.5e-05,
46,56,2003,875.21218,875.21151,0.00067,
72,104,2003,1418.80148,1418.800416,0.001064,
37,64,2003,829.854016,829.853471,0.000545,
19,22,2003,351.61878,351.618501,0.000279,
22,33,2003,468.381489,468.381155,0.000334,
61,90,2003,1244.441919,1244.440981,0.000938,
62,88,2003,1239.250375,1239.24945,0.000925,
30,33,2003,547.236061,547.235577,0.000484,
17,28,2003,368.272291,368.272035,0.000256,
76,108,2003,1469.921327,1469.920064,0.001263,
77,122,2003,1570.35349,1570.352382,0.001108,
42,44,2003,725.831701,725.831056,0.000645,
81,127,2003,1632.214619,1632.21344,0.001179,
74,86,2003,1262.880022,1262.87888,0.001142,
55,88,2003,1178.841552,1178.840663,0.000889,
38,48,2003,748.928259,748.927646,0.000613,
25,29,2003,471.84821,471.847842,0.000368,
85,123,2003,1624.82717,1624.825904,0.001266,
89,120,2003,1608.43339,1608.432023,0.001367,
101,155,2003,1899.626326,1899.624704,0.001622,
46,67,2003,959.76363,959.762901,0.000729,
68,84,2003,1234.141846,1234.140744,0.001102,
69,98,2003,1356.47742,1356.476371,0.001049,
72,111,2003,1464.009313,1464.008235,0.001078,
73,103,2003,1414.807011,1414.80592,0.001091,
19,31,2003,414.053708,414.0534,0.000308,
61,83,2003,1195.968567,1195.967664,0.000903,
100,146,2003,1837.170309,1837.168836,0.001473,
30,40,2003,611.086909,611.08642,0.000489,
17,21,2003,323.208515,323.20824,0.000275,
76,107,2003,1461.256618,1461.255366,0.001252,
77,115,2003,1524.286599,1524.285312,0.001287,
23,27,2003,434.793789,434.79345,0.000339,
81,112,2003,1521.714233,1521.712939,0.001294,
82,126,2003,1636.431268,1636.430016,0.001252,
49,79,2003,1069.15337,1069.15264,0.00073,
55,81,2003,1141.009627,1141.00872,0.000907,
38,43,2003,695.575799,695.575188,0.000611,
43,60,2003,882.302449,882.301811,0.000638,
65,79,2003,1173.78631,1173.785328,0.000982,
46,74,2003,1002.719892,1002.71916,0.000732,
68,83,2003,1223.836326,1223.835219,0.001107,
51,61,2003,945.689348,945.688576,0.000772,
69,107,2003,1415.945103,1415.944112,0.000991,
73,104,2003,1423.236578,1423.235406,0.001172,
62,74,2003,1116.005502,1116.004576,0.000926,
100,153,2003,1884.460585,1884.459115,0.00147,
27,36,2003,549.210422,549.209997,0.000425,
17,14,2003,243.978358,243.978091,0.000267,
76,98,2003,1384.948304,1384.947084,0.00122,
77,108,2003,1473.28972,1473.28857,0.00115,
81,105,2003,1458.086285,1458.085062,0.001223,
82,121,2003,1599.112793,1599.111591,0.001202,
49,64,2003,963.094223,963.093463,0.00076,
50,78,2003,1077.346637,1077.34592,0.000717,
31,48,2003,675.891315,675.89082,0.000495,
35,53,2003,753.626453,753.625928,0.000525,
74,88,2003,1283.662791,1283.661594,0.001197,
75,90,2003,1303.749286,1303.74816,0.001126,
43,53,2003,827.023451,827.022816,0.000635,
64,94,2003,1295.895664,1295.89467,0.000994,
11,12,2003,186.564502,186.564339,0.000163,
14,11,2003,187.005967,187.00575,0.000217,
90,120,2003,1610.524193,1610.52276,0.001433,
96,148,2003,1835.843943,1835.842336,0.001607,
78,100,2003,1407.670615,1407.66939,0.001225,
43,66,2003,920.668998,920.668282,0.000716,
47,65,2003,953.842409,953.841728,0.000681,
68,90,2003,1287.37339,1287.372308,0.001082,
69,84,2003,1234.946028,1234.945008,0.00102,
24,32,2003,488.499054,488.498696,0.000358,
5,2,2003,24.719214,24.719142,7.2e-05,
62,77,2003,1145.788786,1145.787842,0.000944,
47,54,2003,859.657651,859.656955,0.000696,
20,20,2003,342.05233,342.05204,0.00029,
77,101,2003,1412.706825,1412.705722,0.001103,
81,98,2003,1389.697394,1389.696214,0.00118,
82,112,2003,1525.891962,1525.890704,0.001258,
50,73,2003,1041.475923,1041.475194,0.000729,
91,137,2003,1740.144002,1740.142512,0.00149,
38,37,2003,622.241863,622.241325,0.000538,
64,85,2003,1227.690506,1227.689523,0.000983,
65,89,2003,1262.293282,1262.292262,0.00102,
14,18,2003,271.410417,271.410208,0.000209,
39,62,2003,849.60435,849.603718,0.000632,
78,111,2003,1500.940291,1500.939153,0.001138,
79,103,2003,1435.476315,1435.475132,0.001183,
69,93,2003,1315.056077,1315.055088,0.000989,
2,6,2003,31.407833,31.4078,3.3e-05,
5,11,2003,88.147735,88.147648,8.7e-05,
47,63,2003,938.535867,938.53518,0.000687,
30,29,2003,499.998263,499.997801,0.000462,
86,110,2003,1512.727348,1512.72604,0.001308,
20,19,2003,326.409137,326.408823,0.000314,
59,72,2003,1085.463259,1085.462332,0.000927,
82,107,2003,1479.205938,1479.20472,0.001218,
50,64,2003,971.574489,971.573664,0.000825,
31,38,2003,601.996368,601.995882,0.000486,
18,25,2003,364.994483,364.994191,0.000292,
91,142,2003,1771.934665,1771.933312,0.001353,
40,54,2003,814.677397,814.676756,0.000641,
65,82,2003,1206.384096,1206.383136,0.00096,
14,21,2003,285.903771,285.903555,0.000216,
53,70,2003,1039.251763,1039.250985,0.000778,
39,55,2003,810.541392,810.540756,0.000636,
78,118,2003,1553.603778,1553.602624,0.001154,
98,154,2003,1881.269485,1881.267948,0.001537,
26,24,2003,417.700777,417.7004,0.000377,
44,66,2003,933.404078,933.40335,0.000728,
79,108,2003,1480.537258,1480.536035,0.001223,
83,105,2003,1459.679084,1459.677872,0.001212,
56,69,2003,1044.772056,1044.77125,0.000806,
66,98,2003,1338.035448,1338.034344,0.001104,
102,150,2003,1871.293042,1871.29152,0.001522,
89,131,2003,1692.310669,1692.3093,0.001369,
20,26,2003,398.769039,398.76871,0.000329,
82,98,2003,1390.625121,1390.62384,0.001281,
28,42,2003,602.236797,602.23639,0.000407,
32,45,2003,667.67085,667.670388,0.000462,
31,47,2003,669.017042,669.01653,0.000512,
35,40,2003,647.106204,647.1057,0.000504,
18,16,2003,278.720031,278.71976,0.000271,
91,135,2003,1726.892372,1726.89086,0.001512,
40,61,2003,857.367017,857.366376,0.000641,
8,6,2003,98.73243,98.732312,0.000118,
63,85,2003,1221.570565,1221.569652,0.000913,
53,79,2003,1109.650199,1109.64942,0.000779,
39,44,2003,711.734954,711.734379,0.000575,
95,147,2003,1823.467607,1823.466128,0.001479,
78,121,2003,1572.56264,1572.561481,0.001159,
98,149,2003,1850.810258,1850.808791,0.001467,
44,57,2003,868.730174,868.729482,0.000692,
79,117,2003,1551.314015,1551.312756,0.001259,
83,110,2003,1508.703582,1508.70223,0.001352,
48,60,2003,923.402672,923.401944,0.000728,
12,18,2003,241.662212,241.66203,0.000182,
56,76,2003,1110.038153,1110.037236,0.000917,
86,120,2003,1604.526348,1604.524936,0.001412,
89,132,2003,1699.610459,1699.609119,0.00134,
52,56,2003,896.742949,896.742144,0.000805,
59,70,2003,1064.815918,1064.81502,0.000898,
60,72,2003,1089.899788,1089.89892,0.000868,
28,33,2003,534.665958,534.665549,0.000409,
32,36,2003,590.794744,590.794268,0.000476,
88,129,2003,1676.743329,1676.741857,0.001472,
8,13,2003,155.176105,155.175972,0.000133,
63,82,2003,1199.052542,1199.051545,0.000997,
53,72,2003,1056.287517,1056.28675,0.000767,
36,48,2003,732.257705,732.257148,0.000557,
54,78,2003,1112.448458,1112.447556,0.000902,
79,114,2003,1529.354368,1529.35323,0.001138,
9,18,2003,185.957726,185.957586,0.00014,
83,119,2003,1586.205464,1586.204192,0.001272,
12,9,2003,149.199173,149.198994,0.000179,
15,12,2003,206.907617,206.907399,0.000218,
56,83,2003,1163.016282,1163.015363,0.000919,
86,115,2003,1559.126434,1559.125041,0.001393,
89,141,2003,1752.967666,1752.96639,0.001276,
59,95,2003,1255.026772,1255.025926,0.000846,
60,71,2003,1078.171646,1078.170741,0.000905,
25,35,2003,517.89858,517.89822,0.00036,
88,136,2003,1720.302711,1720.301408,0.001303,
70,104,2003,1406.595599,1406.594424,0.001175,
74,103,2003,1420.432348,1420.431195,0.001153,
93,137,2003,1748.409962,1748.40848,0.001482,
40,43,2003,705.084621,705.084004,0.000617,
21,23,2003,376.525086,376.524764,0.000322,
63,91,2003,1265.440352,1265.439406,0.000946,
53,81,2003,1124.165437,1124.164592,0.000845,
54,65,2003,997.035282,997.034479,0.000803,
92,140,2003,1765.960378,1765.958944,0.001434,
79,123,2003,1593.00161,1593.00028,0.00133,
83,124,2003,1625.883595,1625.882328,0.001267,
15,21,2003,299.083426,299.083176,0.00025,
56,90,2003,1199.601812,1199.60097,0.000842,
27,30,2003,498.286332,498.285906,0.000426,
66,79,2003,1176.995352,1176.99429,0.001062,
67,103,2003,1375.952334,1375.95127,0.001064,
87,120,2003,1605.541432,1605.540024,0.001408,
91,125,2003,1654.411913,1654.410528,0.001385,
59,84,2003,1191.114309,1191.113352,0.000957,
60,94,2003,1261.734439,1261.73355,0.000889,
25,36,2003,524.347802,524.347399,0.000403,
6,6,2003,92.161816,92.161728,8.8e-05,
32,50,2003,702.437418,702.436928,0.00049,
70,99,2003,1369.659722,1369.658641,0.001081,
74,110,2003,1472.937152,1472.936008,0.001144,
75,116,2003,1517.295356,1517.294259,0.001097,
80,121,2003,1587.411513,1587.410364,0.001149,
48,82,2003,1073.289289,1073.28858,0.000709,
72,88,2003,1281.020089,1281.01904,0.001049,
36,38,2003,631.445044,631.444516,0.000528,
54,88,2003,1169.356253,1169.355374,0.000879,
92,139,2003,1758.692426,1758.691011,0.001415,
41,53,2003,812.992729,812.992088,0.000641,
88,120,2003,1608.27492,1608.273472,0.001448,
15,18,2003,280.955981,280.955763,0.000218,
76,92,2003,1326.514775,1326.513552,0.001223,
13,24,2003,278.522107,278.521903,0.000204,
87,113,2003,1540.078369,1540.077,0.001369,
60,85,2003,1204.838246,1204.837335,0.000911,
70,90,2003,1294.817167,1294.81616,0.001007,
90,134,2003,1717.56895,1717.567488,0.001462,
71,104,2003,1412.105681,1412.104575,0.001106,
74,105,2003,1436.176819,1436.175712,0.001107,
75,109,2003,1470.674146,1470.672992,0.001154,
21,25,2003,396.608744,396.608412,0.000332,
80,112,2003,1519.11781,1519.11648,0.00133,
48,73,2003,1020.138543,1020.137811,0.000732,
29,41,2003,605.280721,605.28027,0.000451,
33,46,2003,685.453649,685.453138,0.000511,
72,95,2003,1345.049865,1345.048728,0.001137,
73,87,2003,1270.176058,1270.17488,0.001178,
36,45,2003,703.306798,703.306233,0.000565,
54,83,2003,1145.903917,1145.903072,0.000845,
41,62,2003,874.587115,874.586493,0.000622,
84,132,2003,1675.904846,1675.903608,0.001238,
88,127,2003,1663.954531,1663.953155,0.001376,
15,27,2003,326.321491,326.321268,0.000223,
76,91,2003,1314.955673,1314.954493,0.00118,
45,58,2003,884.162941,884.1623,0.000641,
49,63,2003,953.649352,953.64864,0.000712,
67,85,2003,1238.032272,1238.031184,0.001088,
86,132,2003,1687.049123,1687.047718,0.001405,
13,17,2003,247.841626,247.84143,0.000196,
3,7,2003,45.315599,45.31555,4.9e-05,
70,93,2003,1320.165717,1320.16471,0.001007,
90,129,2003,1682.73612,1682.73468,0.00144,
71,97,2003,1357.499911,1357.4988,0.001111,
75,98,2003,1381.216883,1381.215738,0.001145,
93,148,2003,1818.168849,1818.167383,0.001466,
21,34,2003,457.074061,457.07376,0.000301,
80,119,2003,1573.152671,1573.151516,0.001155,
48,64,2003,957.016136,957.01536,0.000776,
29,34,2003,551.3849,551.384442,0.000458,
33,39,2003,623.547707,623.547216,0.000491,
16,25,2003,337.42581,337.425572,0.000238,
78,92,2003,1327.407598,1327.40641,0.001188,
9,14,2003,175.269567,175.26943,0.000137,
84,131,2003,1670.157649,1670.156335,0.001314,
37,51,2003,763.93865,763.93812,0.00053,
77,92,2003,1325.894199,1325.893049,0.00115,
24,24,2003,411.466446,411.46608,0.000366,
45,51,2003,819.32094,819.320256,0.000684,
83,128,2003,1649.972854,1649.97147,0.001384,
66,88,2003,1261.74714,1261.746178,0.000962,
67,90,2003,1281.609526,1281.608427,0.001099,
13,10,2003,168.700412,168.700216,0.000196,
45,68,2003,955.536649,955.53591,0.000739,
28,28,2003,483.992151,483.991704,0.000447,
70,84,2003,1238.153378,1238.1523,0.001078,
90,136,2003,1730.510811,1730.509346,0.001465,
71,94,2003,1332.66408,1332.662925,0.001155,
80,110,2003,1502.334193,1502.33304,0.001153,
26,38,2003,550.994354,550.99392,0.000434,
7,8,2003,115.491999,115.491885,0.000114,
48,71,2003,1006.842336,1006.841626,0.00071,
16,16,2003,271.780541,271.780288,0.000253,
92,144,2003,1790.410058,1790.408572,0.001486,
94,148,2003,1825.001235,1824.999682,0.001553,
22,26,2003,418.699659,418.699344,0.000315,
81,129,2003,1640.85408,1640.85285,0.00123,
51,67,2003,1000.515946,1000.515156,0.00079,
37,60,2003,812.327827,812.327276,0.000551,
24,31,2003,480.253982,480.25362,0.000362,
66,83,2003,1218.70754,1218.706462,0.001078,
28,27,2003,467.352738,467.352325,0.000413,
84,104,2003,1452.230148,1452.228936,0.001212,
71,87,2003,1266.936954,1266.935798,0.001156,
57,74,2003,1096.518917,1096.518077,0.00084,
80,101,2003,1418.983074,1418.981899,0.001175,
26,33,2003,516.530211,516.529837,0.000374,
33,49,2003,706.355085,706.35456,0.000525,
16,23,2003,325.426314,325.426062,0.000252,
22,29,2003,444.153735,444.15339,0.000345,
61,78,2003,1151.687371,1151.686446,0.000925,
51,72,2003,1042.097229,1042.096467,0.000762,
37,37,2003,620.248252,620.247724,0.000528,
42,48,2003,773.727888,773.72721,0.000678,
55,76,2003,1102.374114,1102.373253,0.000861,
65,98,2003,1329.374573,1329.373558,0.001015,
84,119,2003,1590.068619,1590.067332,0.001287,
85,111,2003,1519.403379,1519.401996,0.001383,
87,138,2003,1724.169521,1724.16825,0.001271,
57,83,2003,1169.712553,1169.71162,0.000933,
80,92,2003,1326.767379,1326.766204,0.001175,
26,40,2003,561.939839,561.939444,0.000395,
16,14,2003,243.68474,243.68451,0.00023,
54,63,2003,976.28357,976.282749,0.000821,
94,134,2003,1730.632927,1730.631492,0.001435,
22,20,2003,346.905577,346.905258,0.000319,
51,81,2003,1105.18855,1105.187688,0.000862,
34,43,2003,669.491748,669.491207,0.000541,
52,65,2003,988.759772,988.758927,0.000845,
37,46,2003,720.047868,720.047327,0.000541,
42,59,2003,865.856351,865.855729,0.000622,
85,135,2003,1694.839464,1694.8382,0.001264,
55,69,2003,1039.546437,1039.545568,0.000869,
84,126,2003,1645.213853,1645.21245,0.001403,
50,58,2003,914.626664,914.625864,0.0008,
87,131,2003,1684.425165,1684.42387,0.001295,
57,84,2003,1176.401061,1176.400224,0.000837,
58,74,2003,1102.512671,1102.511784,0.000887,
96,137,2003,1758.22,1758.218466,0.001534,
4,2,2003,26.923628,26.923572,5.6e-05,
46,54,2003,856.370688,856.37,0.000688,
68,103,2003,1384.721575,1384.720551,0.001024,
72,98,2003,1372.049918,1372.04875,0.001168,
19,16,2003,278.800698,278.80041,0.000288,
94,137,2003,1752.649693,1752.648282,0.001411,
62,86,2003,1225.392569,1225.391604,0.000965,
34,34,2003,576.465107,576.46456,0.000547,
52,72,2003,1050.686649,1050.685852,0.000797,
17,26,2003,357.935176,357.934924,0.000252,
76,118,2003,1538.811042,1538.80994,0.001102,
10,11,2003,167.406121,167.405973,0.000148,
85,128,2003,1659.271875,1659.270639,0.001236,
55,66,2003,1010.701643,1010.700779,0.000864,
38,62,2003,837.622441,837.6218,0.000641,
25,27,2003,450.855648,450.855288,0.00036,
85,113,2003,1538.294738,1538.293482,0.001256,
89,118,2003,1590.004045,1590.002604,0.001441,
58,85,2003,1190.435142,1190.434245,0.000897,
4,9,2003,68.549977,68.54991,6.7e-05,
46,57,2003,882.837533,882.836793,0.00074,
29,31,2003,519.935514,519.9351,0.000414,
72,105,2003,1425.184911,1425.183822,0.001089,
19,25,2003,376.083266,376.08296,0.000306,
61,89,2003,1236.578708,1236.5778,0.000908,
62,89,2003,1244.846835,1244.845812,0.001023,
100,148,2003,1851.54712,1851.54568,0.00144,
27,41,2003,579.07704,579.076644,0.000396,
30,38,2003,595.386846,595.386376,0.00047,
17,19,2003,306.789639,306.789372,0.000267,
76,109,2003,1476.545854,1476.544755,0.001099,
42,45,2003,737.041596,737.040945,0.000651,
23,29,2003,453.156181,453.15582,0.000361,
81,126,2003,1628.427494,1628.426151,0.001343,
82,132,2003,1663.291981,1663.290604,0.001377,
55,91,2003,1191.004139,1191.003322,0.000817,
38,49,2003,757.356414,757.355793,0.000621,
25,28,2003,462.909426,462.909049,0.000377,
11,17,2003,218.380485,218.380316,0.000169,
85,122,2003,1617.507078,1617.505659,0.001419,
89,127,2003,1665.654327,1665.652896,0.001431,
90,119,2003,1599.993414,1599.991976,0.001438,
58,92,2003,1230.146031,1230.1452,0.000831,
101,154,2003,1894.327432,1894.325895,0.001537,
46,64,2003,940.206824,940.20608,0.000744,
68,85,2003,1242.200959,1242.199962,0.000997,
69,97,2003,1347.75172,1347.75068,0.00104,
73,102,2003,1407.778967,1407.777875,0.001092,
19,30,2003,410.949514,410.949231,0.000283,
61,82,2003,1189.441877,1189.440967,0.00091,
30,41,2003,616.920476,616.919994,0.000482,
34,52,2003,738.074586,738.074016,0.00057,
17,20,2003,317.100632,317.10036,0.000272,
76,100,2003,1403.192578,1403.191328,0.00125,
77,114,2003,1518.088483,1518.087291,0.001192,
23,26,2003,425.45786,425.457494,0.000366,
81,119,2003,1577.942699,1577.9414,0.001299,
82,127,2003,1640.368571,1640.367223,0.001348,
49,78,2003,1063.708154,1063.707423,0.000731,
50,84,2003,1109.235737,1109.234982,0.000755,
74,94,2003,1342.978953,1342.977888,0.001065,
55,80,2003,1134.181452,1134.18063,0.000822,
38,40,2003,663.008064,663.007488,0.000576,
43,63,2003,901.694454,901.69377,0.000684,
64,88,2003,1251.485211,1251.484248,0.000963,
65,78,2003,1163.781211,1163.780189,0.001022,
11,22,2003,232.858534,232.858362,0.000172,
90,126,2003,1662.690398,1662.688944,0.001454,
78,98,2003,1388.45787,1388.456608,0.001262,
68,92,2003,1304.270704,1304.2696,0.001104,
51,60,2003,936.905446,936.904713,0.000733,
69,106,2003,1410.815286,1410.814125,0.001161,
73,111,2003,1470.853485,1470.852392,0.001093,
62,75,2003,1125.291284,1125.290326,0.000958,
100,154,2003,1890.977255,1890.975644,0.001611,
27,39,2003,567.695321,567.694908,0.000413,
76,99,2003,1393.128017,1393.126875,0.001142,
77,107,2003,1464.493699,1464.492432,0.001267,
81,104,2003,1449.580606,1449.57934,0.001266,
82,118,2003,1576.355553,1576.3542,0.001353,
49,71,2003,1015.958901,1015.95816,0.000741,
50,79,2003,1082.677149,1082.67636,0.000789,
35,52,2003,748.679926,748.67937,0.000556,
74,89,2003,1292.641267,1292.640204,0.001063,
75,93,2003,1333.101313,1333.10016,0.001153,
43,52,2003,819.151752,819.151085,0.000667,
64,95,2003,1301.838755,1301.837781,0.000974,
11,15,2003,208.110918,208.11076,0.000158,
90,121,2003,1618.732374,1618.731021,0.001353,
96,149,2003,1841.364206,1841.36267,0.001536,
78,101,2003,1416.007707,1416.006529,0.001178,
43,69,2003,936.3469,936.346208,0.000692,
47,64,2003,947.367352,947.366574,0.000778,
68,91,2003,1294.708274,1294.707267,0.001007,
69,83,2003,1224.629914,1224.628888,0.001026,
24,33,2003,493.813267,493.812888,0.000379,
20,21,2003,350.415132,350.414823,0.000309,
77,100,2003,1404.431044,1404.429864,0.00118,
82,113,2003,1533.469607,1533.4683,0.001307,
50,70,2003,1020.546568,1020.54576,0.000808,
91,136,2003,1734.165102,1734.163776,0.001326,
40,48,2003,762.605754,762.605184,0.00057,
64,86,2003,1236.397139,1236.39615,0.000989,
65,88,2003,1255.380212,1255.379229,0.000983,
14,19,2003,275.89349,275.893266,0.000224,
39,57,2003,822.682238,822.6816,0.000638,
78,108,2003,1478.107625,1478.106474,0.001151,
79,102,2003,1426.975416,1426.974135,0.001281,
26,30,2003,492.258495,492.258088,0.000407,
44,68,2003,945.048567,945.047936,0.000631,
47,73,2003,1007.437558,1007.43684,0.000718,
69,92,2003,1307.399909,1307.39889,0.001019,
2,7,2003,30.137766,30.137733,3.3e-05,
5,10,2003,88.185825,88.18575,7.5e-05,
47,62,2003,931.726667,931.725896,0.000771,
86,111,2003,1521.29317,1521.291918,0.001252,
20,28,2003,415.990727,415.990416,0.000311,
59,75,2003,1113.912959,1113.912118,0.000841,
23,33,2003,480.080251,480.07988,0.000371,
82,104,2003,1451.795147,1451.793798,0.001349,
28,44,2003,613.169882,613.169424,0.000458,
50,65,2003,979.120884,979.12012,0.000764,
31,33,2003,551.146349,551.145856,0.000493,
18,22,2003,343.810617,343.81036,0.000257,
91,129,2003,1684.120916,1684.11958,0.001336,
40,55,2003,821.139644,821.139055,0.000589,
65,81,2003,1195.330135,1195.329156,0.000979,
14,26,2003,306.433001,306.43276,0.000241,
53,69,2003,1029.31716,1029.316318,0.000842,
39,54,2003,804.344736,804.344166,0.00057,
95,149,2003,1835.198976,1835.197444,0.001532,
78,119,2003,1559.450073,1559.448848,0.001225,
98,155,2003,1886.073774,1886.072243,0.001531,
26,25,2003,431.518894,431.518497,0.000397,
44,67,2003,938.159316,938.15868,0.000636,
83,104,2003,1450.776239,1450.774985,0.001254,
79,111,2003,1504.627512,1504.62634,0.001172,
12,20,2003,249.848957,249.848768,0.000189,
56,70,2003,1055.845332,1055.844468,0.000864,
66,99,2003,1343.751407,1343.75043,0.000977,
89,130,2003,1686.42146,1686.420012,0.001448,
20,27,2003,406.045403,406.045079,0.000324,
82,99,2003,1399.901991,1399.900698,0.001293,
28,43,2003,606.362042,606.361584,0.000458,
32,46,2003,676.390349,676.38987,0.000479,
31,46,2003,663.231498,663.23103,0.000468,
35,43,2003,675.633441,675.63288,0.000561,
18,17,2003,291.461543,291.461275,0.000268,
74,114,2003,1498.182269,1498.181024,0.001245,
91,134,2003,1720.51365,1720.512225,0.001425,
40,62,2003,863.723575,863.722944,0.000631,
8,7,2003,111.955499,111.95538,0.000119,
63,84,2003,1214.747248,1214.74626,0.000988,
53,78,2003,1103.323356,1103.322479,0.000877,
39,47,2003,742.905926,742.905324,0.000602,
95,146,2003,1817.929966,1817.928552,0.001414,
98,146,2003,1831.253681,1831.252208,0.001473,
79,116,2003,1544.672702,1544.67144,0.001262,
44,58,2003,877.949814,877.949088,0.000726,
83,113,2003,1535.053696,1535.0524,0.001296,
48,61,2003,930.730089,930.729309,0.00078,
12,19,2003,244.040238,244.04006,0.000178,
56,77,2003,1117.228089,1117.227265,0.000824,
86,121,2003,1612.113177,1612.11186,0.001317,
89,139,2003,1741.736858,1741.735548,0.00131,
52,57,2003,906.704344,906.703529,0.000815,
59,89,2003,1220.928155,1220.927184,0.000971,
60,73,2003,1098.87767,1098.876723,0.000947,
28,34,2003,545.26248,545.262038,0.000442,
32,37,2003,598.986882,598.986378,0.000504,
88,130,2003,1684.050911,1684.049564,0.001347,
93,143,2003,1788.694746,1788.693324,0.001422,
8,14,2003,162.026177,162.026062,0.000115,
63,93,2003,1279.931439,1279.930392,0.001047,
36,49,2003,739.378299,739.37777,0.000529,
54,79,2003,1118.882894,1118.882051,0.000843,
44,49,2003,793.475443,793.474791,0.000652,
9,17,2003,184.541496,184.541344,0.000152,
83,118,2003,1578.817198,1578.816006,0.001192,
48,52,2003,843.829632,843.8289,0.000732,
12,10,2003,168.57796,168.577772,0.000188,
15,15,2003,250.605116,250.60488,0.000236,
56,84,2003,1169.445223,1169.44436,0.000863,
67,97,2003,1336.26689,1336.265932,0.000958,
86,112,2003,1532.071119,1532.069748,0.001371,
89,140,2003,1747.950655,1747.949214,0.001441,
59,94,2003,1250.382652,1250.38179,0.000862,
25,34,2003,512.128992,512.128614,0.000378,
6,12,2003,115.663546,115.663446,0.0001,
88,137,2003,1725.207188,1725.205725,0.001463,
70,105,2003,1412.417953,1412.41695,0.001003,
74,100,2003,1396.743757,1396.742544,0.001213,
93,136,2003,1741.795304,1741.793923,0.001381,
21,22,2003,366.825605,366.825303,0.000302,
63,90,2003,1258.998123,1258.99722,0.000903,
53,80,2003,1117.908227,1117.907427,0.0008,
54,70,2003,1046.257538,1046.256696,0.000842,
36,56,2003,783.182305,783.18174,0.000565,
92,141,2003,1771.722472,1771.721049,0.001423,
41,51,2003,796.933929,796.933256,0.000673,
79,122,2003,1586.931698,1586.930376,0.001322,
83,127,2003,1644.834894,1644.83361,0.001284,
104,152,2003,1890.659041,1890.657536,0.001505,
88,114,2003,1552.347792,1552.346366,0.001426,
15,20,2003,295.618871,295.618645,0.000226,
67,102,2003,1370.439509,1370.438407,0.001102,
87,123,2003,1630.259953,1630.25856,0.001393,
108,156,2003,1926.73689,1926.735096,0.001794,
91,124,2003,1646.269522,1646.268115,0.001407,
59,87,2003,1208.968571,1208.9676,0.000971,
6,7,2003,97.108123,97.108037,8.6e-05,
70,96,2003,1346.663939,1346.662882,0.001057,
74,111,2003,1478.690842,1478.689645,0.001197,
21,31,2003,443.636078,443.635764,0.000314,
80,122,2003,1595.16543,1595.164104,0.001326,
29,47,2003,641.708487,641.708052,0.000435,
72,89,2003,1289.472887,1289.471862,0.001025,
36,39,2003,641.508477,641.507925,0.000552,
92,132,2003,1710.286884,1710.285472,0.001412,
41,52,2003,805.765187,805.764555,0.000632,
88,121,2003,1616.20518,1616.203897,0.001283,
76,93,2003,1335.316765,1335.315644,0.001121,
86,130,2003,1675.86845,1675.867104,0.001346,
87,112,2003,1531.368365,1531.367088,0.001277,
13,23,2003,274.615141,274.614948,0.000193,
92,125,2003,1656.80196,1656.800642,0.001318,
60,86,2003,1212.40348,1212.402542,0.000938,
70,91,2003,1302.563082,1302.561967,0.001115,
90,135,2003,1723.32632,1723.32495,0.00137,
71,107,2003,1431.491943,1431.490774,0.001169,
75,108,2003,1464.18722,1464.186111,0.001109,
21,24,2003,387.848103,387.8478,0.000303,
80,113,2003,1526.228671,1526.227402,0.001269,
48,74,2003,1027.879117,1027.878426,0.000691,
29,40,2003,599.96949,599.969007,0.000483,
33,45,2003,676.563224,676.562718,0.000506,
73,86,2003,1260.677583,1260.676497,0.001086,
54,80,2003,1127.435104,1127.434326,0.000778,
92,131,2003,1702.090911,1702.089424,0.001487,
36,46,2003,714.273586,714.273054,0.000532,
41,61,2003,867.546242,867.545598,0.000644,
78,90,2003,1305.996941,1305.995712,0.001229,
84,133,2003,1679.859183,1679.857977,0.001206,
15,26,2003,324.465546,324.465308,0.000238,
45,57,2003,874.844442,874.8438,0.000642,
66,94,2003,1309.454946,1309.45392,0.001026,
49,62,2003,945.977695,945.976965,0.00073,
67,84,2003,1229.984774,1229.983788,0.000986,
86,133,2003,1691.507223,1691.505849,0.001374,
13,16,2003,242.113211,242.113025,0.000186,
3,6,2003,45.340598,45.340551,4.7e-05,
70,82,2003,1218.382581,1218.381536,0.001045,
90,142,2003,1766.687471,1766.686032,0.001439,
71,96,2003,1349.865567,1349.864507,0.00106,
75,101,2003,1406.939857,1406.93872,0.001137,
93,147,2003,1812.044586,1812.0432,0.001386,
21,33,2003,453.641013,453.640662,0.000351,
80,104,2003,1448.884972,1448.883712,0.00126,
48,65,2003,963.556215,963.55552,0.000695,
29,33,2003,540.531888,540.531438,0.00045,
33,38,2003,615.140916,615.140379,0.000537,
16,26,2003,344.155526,344.155266,0.00026,
73,95,2003,1347.265002,1347.263904,0.001098,
94,146,2003,1813.449994,1813.44864,0.001354,
78,93,2003,1336.643979,1336.642704,0.001275,
9,13,2003,167.734618,167.734468,0.00015,
37,50,2003,757.856129,757.855521,0.000608,
24,25,2003,422.049068,422.048711,0.000357,
45,50,2003,809.910032,809.90939,0.000642,
10,20,2003,211.214181,211.21401,0.000171,
66,89,2003,1268.580207,1268.57921,0.000997,
49,55,2003,877.189369,877.188624,0.000745,
67,93,2003,1305.382613,1305.3816,0.001013,
83,131,2003,1663.52858,1663.527288,0.001292,
45,67,2003,948.523944,948.523296,0.000648,
28,29,2003,494.241764,494.241357,0.000407,
70,85,2003,1246.794394,1246.79334,0.001054,
90,137,2003,1735.973012,1735.971604,0.001408,
71,89,2003,1286.135154,1286.13408,0.001074,
80,111,2003,1509.628035,1509.626755,0.00128,
26,39,2003,555.172955,555.17254,0.000415,
7,11,2003,126.692925,126.69282,0.000105,
16,17,2003,280.422156,280.421922,0.000234,
92,145,2003,1795.535826,1795.534278,0.001548,
94,149,2003,1830.035434,1830.033972,0.001462,
41,47,2003,754.273421,754.272816,0.000605,
22,27,2003,426.842049,426.841695,0.000354,
79,94,2003,1347.353483,1347.352199,0.001284,
81,128,2003,1637.174512,1637.173285,0.001227,
51,66,2003,993.089959,993.089214,0.000745,
37,59,2003,807.124839,807.124224,0.000615,
42,54,2003,830.779026,830.778336,0.00069,
66,80,2003,1189.332568,1189.331622,0.000946,
84,105,2003,1461.178454,1461.177144,0.00131,
87,140,2003,1734.471202,1734.469772,0.00143,
90,144,2003,1777.664129,1777.662666,0.001463,
71,86,2003,1258.134397,1258.133316,0.001081,
57,73,2003,1086.306351,1086.30548,0.000871,
80,102,2003,1429.969359,1429.968176,0.001183,
99,153,2003,1879.227151,1879.225488,0.001663,
33,48,2003,700.493067,700.492536,0.000531,
22,18,2003,314.491664,314.49132,0.000344,
61,77,2003,1141.059848,1141.058934,0.000914,
30,50,2003,674.080209,674.07976,0.000449,
51,75,2003,1063.485486,1063.48473,0.000756,
42,49,2003,783.836106,783.835507,0.000599,
10,6,2003,97.321294,97.321152,0.000142,
55,79,2003,1125.419462,1125.418564,0.000898,
65,97,2003,1322.383138,1322.382186,0.000952,
84,112,2003,1529.736783,1529.735508,0.001275,
85,110,2003,1510.884925,1510.883595,0.00133,
87,133,2003,1696.144058,1696.1428,0.001258,
57,82,2003,1164.551575,1164.550757,0.000818,
4,4,2003,56.499539,56.49948,5.9e-05,
26,41,2003,566.129988,566.129565,0.000423,
16,15,2003,256.738174,256.737939,0.000235,
54,60,2003,944.970169,944.96937,0.000799,
94,135,2003,1737.392809,1737.391398,0.001411,
22,21,2003,359.176446,359.176119,0.000327,
51,80,2003,1099.431642,1099.430862,0.00078,
34,40,2003,642.890936,642.890392,0.000544,
52,66,2003,999.455237,999.454454,0.000783,
37,45,2003,709.089946,709.089342,0.000604,
76,120,2003,1550.801775,1550.800608,0.001167,
42,56,2003,846.242889,846.24225,0.000639,
85,134,2003,1690.723263,1690.721829,0.001434,
55,68,2003,1030.787455,1030.786617,0.000838,
84,127,2003,1649.764607,1649.763213,0.001394,
85,119,2003,1591.925855,1591.924608,0.001247,
50,59,2003,923.296152,923.2954,0.000752,
87,130,2003,1679.098374,1679.096958,0.001416,
57,91,2003,1213.090468,1213.089548,0.00092,
58,75,2003,1110.533192,1110.532311,0.000881,
96,138,2003,1766.860823,1766.859354,0.001469,
4,3,2003,37.599859,37.5998,5.9e-05,
46,55,2003,864.643808,864.643123,0.000685,
68,96,2003,1336.44705,1336.446004,0.001046,
72,99,2003,1379.298726,1379.297628,0.001098,
19,19,2003,320.646443,320.646166,0.000277,
94,142,2003,1788.388999,1788.387468,0.001531,
61,95,2003,1275.623513,1275.622608,0.000905,
62,87,2003,1231.26364,1231.262692,0.000948,
34,35,2003,586.623142,586.622613,0.000529,
52,73,2003,1057.25562,1057.254875,0.000745,
17,25,2003,350.60868,350.608398,0.000282,
76,119,2003,1544.139502,1544.13831,0.001192,
10,8,2003,132.143226,132.143076,0.00015,
49,83,2003,1089.498814,1089.498036,0.000778,
55,93,2003,1198.829717,1198.82886,0.000857,
38,63,2003,840.881683,840.881055,0.000628,
25,26,2003,440.320228,440.319873,0.000355,
85,112,2003,1529.895522,1529.89412,0.001402,
50,50,2003,824.794966,824.7942,0.000766,
89,117,2003,1579.552543,1579.551144,0.001399,
58,82,2003,1172.692467,1172.69152,0.000947,
4,10,2003,69.91462,69.914558,6.2e-05,
46,62,2003,925.239317,925.238592,0.000725,
29,30,2003,509.877322,509.876879,0.000443,
69,103,2003,1391.665688,1391.664556,0.001132,
72,106,2003,1432.810868,1432.809754,0.001114,
19,24,2003,368.795581,368.795305,0.000276,
61,88,2003,1230.975296,1230.974377,0.000919,
62,94,2003,1279.991269,1279.990296,0.000973,
27,40,2003,574.716356,574.71595,0.000406,
30,39,2003,601.868916,601.868439,0.000477,
52,80,2003,1109.914827,1109.91408,0.000747,
17,18,2003,298.210005,298.20973,0.000275,
76,110,2003,1484.807296,1484.806194,0.001102,
77,120,2003,1558.077764,1558.076546,0.001218,
23,28,2003,445.844936,445.844601,0.000335,
81,125,2003,1621.575604,1621.57432,0.001284,
55,90,2003,1187.369764,1187.368895,0.000869,
38,54,2003,795.700293,795.69972,0.000573,
43,57,2003,859.507693,859.507,0.000693,
11,16,2003,214.837356,214.837191,0.000165,
85,121,2003,1608.612754,1608.611358,0.001396,
89,126,2003,1659.694193,1659.692715,0.001478,
58,93,2003,1234.894463,1234.893553,0.00091,
96,152,2003,1859.190664,1859.189288,0.001376,
46,65,2003,945.933124,945.932454,0.00067,
68,86,2003,1252.396466,1252.395452,0.001014,
51,54,2003,871.40945,871.40865,0.0008,
69,96,2003,1340.722407,1340.72136,0.001047,
73,101,2003,1399.039768,1399.038648,0.00112,
61,81,2003,1179.561733,1179.560772,0.000961,
100,156,2003,1902.537968,1902.536448,0.00152,
27,33,2003,524.805094,524.8047,0.000394,
30,46,2003,652.086809,652.086308,0.000501,
34,53,2003,742.187259,742.186734,0.000525,
76,101,2003,1411.115486,1411.114269,0.001217,
77,113,2003,1510.06195,1510.06072,0.00123,
23,21,2003,361.260707,361.260372,0.000335,
81,118,2003,1570.882679,1570.881324,0.001355,
82,124,2003,1622.325617,1622.324366,0.001251,
49,77,2003,1056.465152,1056.464388,0.000764,
74,95,2003,1351.077847,1351.076753,0.001094,
55,83,2003,1153.700959,1153.700148,0.000811,
38,41,2003,673.382035,673.381464,0.000571,
97,150,2003,1852.238591,1852.237192,0.001399,
43,62,2003,896.135711,896.134995,0.000716,
64,89,2003,1257.732154,1257.731145,0.001009,
11,9,2003,145.972975,145.97282,0.000155,
90,127,2003,1668.850091,1668.848699,0.001392,
78,99,2003,1396.971779,1396.970553,0.001226,
46,72,2003,991.893831,991.893132,0.000699,
68,93,2003,1311.492484,1311.49151,0.000974,
51,63,2003,964.746638,964.745862,0.000776,
69,105,2003,1404.297932,1404.296928,0.001004,
73,110,2003,1465.23698,1465.235799,0.001181,
5,7,2003,79.575251,79.575168,8.3e-05,
100,155,2003,1896.153506,1896.15195,0.001556,
27,38,2003,562.682605,562.682185,0.00042,
77,106,2003,1457.008797,1457.00757,0.001227,
81,111,2003,1512.196305,1512.195072,0.001233,
82,119,2003,1583.441502,1583.440212,0.00129,
49,70,2003,1009.857002,1009.856253,0.000749,
50,76,2003,1063.889819,1063.889064,0.000755,
31,50,2003,687.507733,687.507264,0.000469,
35,55,2003,763.6568,763.65621,0.00059,
43,55,2003,843.776604,843.775982,0.000622,
64,80,2003,1183.959966,1183.958928,0.001038,
11,14,2003,202.535102,202.534925,0.000177,
96,150,2003,1847.821791,1847.82039,0.001401,
78,106,2003,1461.432698,1461.431408,0.00129,
43,68,2003,931.492649,931.49202,0.000629,
47,67,2003,968.30939,968.308704,0.000686,
69,82,2003,1215.569824,1215.568724,0.0011,
24,34,2003,501.195171,501.19482,0.000351,
102,154,2003,1898.635672,1898.633984,0.001688,
20,22,2003,361.895763,361.895478,0.000285,
77,99,2003,1394.173334,1394.172208,0.001126,
81,96,2003,1368.582253,1368.580992,0.001261,
82,110,2003,1508.097694,1508.096448,0.001246,
50,71,2003,1026.716889,1026.716097,0.000792,
18,28,2003,386.918755,386.918466,0.000289,
91,139,2003,1753.036303,1753.03493,0.001373,
40,49,2003,771.922855,771.922276,0.000579,
64,87,2003,1242.894598,1242.893684,0.000914,
65,95,2003,1308.402153,1308.40112,0.001033,
11,7,2003,112.488091,112.487922,0.000169,
14,16,2003,255.619802,255.61959,0.000212,
39,56,2003,817.471279,817.47063,0.000649,
78,109,2003,1485.027442,1485.026279,0.001163,
26,31,2003,499.904591,499.904193,0.000398,
44,69,2003,949.838982,949.838337,0.000645,
47,72,2003,1002.274669,1002.27393,0.000739,
69,91,2003,1297.732196,1297.7312,0.000996,
56,64,2003,993.63616,993.63528,0.00088,
2,4,2003,29.268135,29.268102,3.3e-05,
5,9,2003,85.423102,85.42303,7.2e-05,
47,57,2003,887.7588,887.75804,0.00076,
20,29,2003,421.137181,421.13687,0.000311,
59,74,2003,1105.265238,1105.264314,0.000924,
23,32,2003,475.080315,475.079935,0.00038,
82,105,2003,1460.165078,1460.163881,0.001197,
32,40,2003,628.686142,628.68564,0.000502,
31,32,2003,540.787796,540.787338,0.000458,
35,37,2003,612.768433,612.76788,0.000553,
18,23,2003,349.909506,349.909211,0.000295,
91,128,2003,1677.905283,1677.903978,0.001305,
40,56,2003,828.995987,828.995328,0.000659,
65,80,2003,1185.370292,1185.369345,0.000947,
14,27,2003,306.408818,306.40858,0.000238,
53,68,2003,1021.453074,1021.452234,0.00084,
39,49,2003,764.064126,764.06352,0.000606,
95,148,2003,1829.832501,1829.831067,0.001434,
78,116,2003,1539.576815,1539.575658,0.001157,
98,152,2003,1869.989043,1869.9875,0.001543,
44,60,2003,893.083279,893.082632,0.000647,
79,110,2003,1497.256727,1497.255543,0.001184,
83,107,2003,1479.519775,1479.51841,0.001365,
12,21,2003,252.071424,252.071226,0.000198,
56,71,2003,1064.062317,1064.061499,0.000818,
66,96,2003,1324.106326,1324.10538,0.000946,
89,129,2003,1679.075716,1679.074368,0.001348,
82,96,2003,1368.975476,1368.974148,0.001328,
28,36,2003,561.758297,561.757888,0.000409,
32,47,2003,682.087982,682.087501,0.000481,
31,41,2003,625.471944,625.471488,0.000456,
35,42,2003,667.344735,667.344216,0.000519,
18,14,2003,246.400382,246.400096,0.000286,
74,115,2003,1503.064372,1503.063135,0.001237,
40,63,2003,868.424449,868.423797,0.000652,
8,8,2003,127.619423,127.619296,0.000127,
63,87,2003,1236.207977,1236.207,0.000977,
53,77,2003,1094.740054,1094.73923,0.000824,
39,46,2003,733.393155,733.39258,0.000575,
98,147,2003,1837.417371,1837.415965,0.001406,
79,119,2003,1565.898737,1565.897454,0.001283,
44,59,2003,884.181864,884.181149,0.000715,
83,112,2003,1526.997069,1526.99586,0.001209,
48,62,2003,940.645972,940.6452,0.000772,
12,12,2003,198.2572,198.257016,0.000184,
56,78,2003,1126.695816,1126.694914,0.000902,
86,126,2003,1652.498358,1652.496964,0.001394,
89,138,2003,1736.710581,1736.709127,0.001454,
52,58,2003,919.44077,919.43995,0.00082,
59,88,2003,1215.780829,1215.779964,0.000865,
60,74,2003,1110.263074,1110.262092,0.000982,
6,10,2003,110.752959,110.752864,9.5e-05,
28,35,2003,552.100258,552.099807,0.000451,
32,38,2003,610.520706,610.52019,0.000516,
88,131,2003,1689.379121,1689.377826,0.001295,
93,142,2003,1782.958063,1782.956515,0.001548,
8,15,2003,164.768687,164.76855,0.000137,
63,92,2003,1273.591758,1273.590825,0.000933,
53,86,2003,1149.287429,1149.286611,0.000818,
36,50,2003,749.234919,749.234322,0.000597,
54,76,2003,1096.907055,1096.9062,0.000855,
79,124,2003,1599.816616,1599.815392,0.001224,
44,50,2003,806.849126,806.848436,0.00069,
9,16,2003,183.469244,183.4691,0.000144,
83,121,2003,1602.282511,1602.28128,0.001231,
48,53,2003,853.398781,853.398086,0.000695,
12,11,2003,181.726081,181.725898,0.000183,
15,14,2003,239.285849,239.285612,0.000237,
56,85,2003,1173.970805,1173.969948,0.000857,
27,27,2003,462.737715,462.737286,0.000429,
67,96,2003,1329.592445,1329.591326,0.001119,
86,113,2003,1540.429677,1540.428354,0.001323,
87,125,2003,1646.594006,1646.592552,0.001454,
59,81,2003,1168.522134,1168.5212,0.000934,
25,33,2003,504.484939,504.48458,0.000359,
6,13,2003,116.240376,116.240271,0.000105,
88,138,2003,1731.603438,1731.602056,0.001382,
31,31,2003,528.169816,528.16932,0.000496,
74,101,2003,1404.220782,1404.2196,0.001182,
75,113,2003,1497.748936,1497.747684,0.001252,
40,45,2003,727.917822,727.91722,0.000602,
21,21,2003,354.687597,354.68727,0.000327,
36,57,2003,786.4861,786.485562,0.000538,
92,142,2003,1778.567123,1778.565672,0.001451,
54,71,2003,1053.860817,1053.86,0.000817,
41,50,2003,789.046716,789.046076,0.00064,
83,126,2003,1640.230259,1640.228865,0.001394,
88,115,2003,1560.995767,1560.994484,0.001283,
15,23,2003,309.732904,309.73268,0.000224,
56,92,2003,1208.757801,1208.756996,0.000805,
86,136,2003,1708.178373,1708.177002,0.001371,
87,122,2003,1622.611704,1622.610374,0.00133,
91,127,2003,1669.686094,1669.684672,0.001422,
59,86,2003,1203.815284,1203.81436,0.000924,
60,88,2003,1225.02847,1225.027524,0.000946,
6,4,2003,60.320499,60.32041,8.9e-05,
70,97,2003,1353.740829,1353.739742,0.001087,
71,109,2003,1443.976973,1443.97584,0.001133,
74,108,2003,1459.33473,1459.333512,0.001218,
21,30,2003,438.426403,438.42609,0.000313,
80,123,2003,1601.160008,1601.158846,0.001162,
29,46,2003,636.780986,636.780525,0.000461,
33,43,2003,659.892674,659.892192,0.000482,
72,90,2003,1300.398625,1300.39749,0.001135,
92,133,2003,1716.69461,1716.693075,0.001535,
41,59,2003,854.995442,854.9948,0.000642,
88,122,2003,1625.670381,1625.66901,0.001371,
15,28,2003,329.565726,329.565502,0.000224,
76,94,2003,1346.594511,1346.59329,0.001221,
45,63,2003,921.51665,921.51594,0.00071,
86,131,2003,1680.536735,1680.535451,0.001284,
13,22,2003,272.455987,272.455785,0.000202,
87,115,2003,1559.201453,1559.200024,0.001429,
92,126,2003,1665.649324,1665.647966,0.001358,
60,87,2003,1217.695684,1217.694786,0.000898,
70,88,2003,1276.519731,1276.518656,0.001075,
90,132,2003,1704.219654,1704.218298,0.001356,
71,106,2003,1425.466655,1425.465606,0.001049,
75,111,2003,1484.520342,1484.519196,0.001146,
80,114,2003,1535.442011,1535.440742,0.001269,
63,75,2003,1126.304557,1126.30356,0.000997,
48,75,2003,1032.531324,1032.530634,0.00069,
29,39,2003,591.728994,591.72852,0.000474,
33,44,2003,669.591065,669.590537,0.000528,
36,47,2003,721.737105,721.736543,0.000562,
54,81,2003,1133.798965,1133.798175,0.00079,
41,60,2003,862.069684,862.069037,0.000647,
9,11,2003,154.402765,154.40262,0.000145,
84,134,2003,1685.472995,1685.471578,0.001417,
45,56,2003,867.406141,867.405473,0.000668,
66,95,2003,1315.909333,1315.908384,0.000949,
49,61,2003,935.985639,935.98494,0.000699,
67,87,2003,1255.210855,1255.209802,0.001053,
13,15,2003,232.677012,232.676808,0.000204,
90,143,2003,1771.473858,1771.472438,0.00142,
71,99,2003,1373.888595,1373.88747,0.001125,
75,100,2003,1399.09396,1399.0928,0.00116,
93,146,2003,1806.975619,1806.974079,0.00154,
80,105,2003,1456.783,1456.78176,0.00124,
7,13,2003,134.184917,134.1848,0.000117,
48,66,2003,972.599195,972.59841,0.000785,
29,32,2003,531.646373,531.645927,0.000446,
33,37,2003,603.518373,603.51788,0.000493,
16,27,2003,346.514576,346.514339,0.000237,
73,94,2003,1339.150836,1339.149787,0.001049,
94,147,2003,1818.691516,1818.690112,0.001404,
9,12,2003,162.504229,162.50409,0.000139,
37,49,2003,747.934033,747.933486,0.000547,
77,90,2003,1304.749241,1304.748121,0.00112,
24,26,2003,435.049401,435.04905,0.000351,
83,130,2003,1659.487718,1659.486408,0.00131,
66,86,2003,1245.330791,1245.329768,0.001023,
49,54,2003,867.610877,867.610097,0.00078,
67,92,2003,1298.259107,1298.258055,0.001052,
64,96,2003,1309.290175,1309.28912,0.001055,
45,66,2003,943.068491,943.067766,0.000725,
28,30,2003,506.458807,506.458378,0.000429,
71,88,2003,1277.508874,1277.50776,0.001114,
57,71,2003,1067.167608,1067.16672,0.000888,
80,96,2003,1369.744438,1369.743232,0.001206,
26,36,2003,538.981799,538.981376,0.000423,
7,10,2003,123.864705,123.864601,0.000104,
16,18,2003,291.839268,291.839034,0.000234,
92,146,2003,1801.690071,1801.68856,0.001511,
41,46,2003,744.312152,744.311535,0.000617,
22,24,2003,398.192718,398.192376,0.000342,
51,69,2003,1017.083627,1017.0828,0.000827,
37,58,2003,803.682813,803.682235,0.000578,
42,55,2003,837.60029,837.599656,0.000634,
66,81,2003,1199.037605,1199.036664,0.000941,
84,106,2003,1472.397641,1472.39626,0.001381,
90,145,2003,1782.094382,1782.09289,0.001492,
57,72,2003,1077.933145,1077.932256,0.000889,
58,70,2003,1063.287292,1063.2864,0.000892,
80,103,2003,1438.26435,1438.263063,0.001287,
99,152,2003,1873.937619,1873.936131,0.001488,
7,3,2003,36.4367,36.4366,0.0001,
54,58,2003,921.708305,921.707472,0.000833,
61,76,2003,1132.121111,1132.120187,0.000924,
51,74,2003,1057.271253,1057.2705,0.000753,
34,46,2003,696.866044,696.86552,0.000524,
52,68,2003,1017.281416,1017.28056,0.000856,
42,62,2003,886.887739,886.88704,0.000699,
10,7,2003,112.928173,112.928025,0.000148,
55,78,2003,1118.527921,1118.527074,0.000847,
65,96,2003,1316.098719,1316.09772,0.000999,
84,113,2003,1537.691618,1537.690395,0.001223,
85,109,2003,1500.524938,1500.523652,0.001286,
87,132,2003,1690.937322,1690.936011,0.001311,
57,81,2003,1155.773567,1155.772632,0.000935,
4,5,2003,58.164881,58.164822,5.9e-05,
80,94,2003,1348.470095,1348.468854,0.001241,
73,113,2003,1482.763358,1482.76224,0.001118,
54,61,2003,954.612345,954.61155,0.000795,
51,83,2003,1115.823404,1115.822556,0.000848,
34,41,2003,650.918537,650.918025,0.000512,
52,67,2003,1006.989954,1006.989186,0.000768,
37,44,2003,700.285248,700.28469,0.000558,
42,57,2003,852.168324,852.167646,0.000678,
10,14,2003,191.83982,191.839656,0.000164,
85,133,2003,1684.950271,1684.949032,0.001239,
55,71,2003,1058.302677,1058.301846,0.000831,
84,120,2003,1599.166426,1599.16518,0.001246,
85,118,2003,1584.142688,1584.141356,0.001332,
50,56,2003,893.868249,893.867472,0.000777,
57,90,2003,1208.73915,1208.738223,0.000927,
58,72,2003,1083.318915,1083.31808,0.000835,
46,52,2003,836.301791,836.30113,0.000661,
68,97,2003,1343.097118,1343.09604,0.001078,
72,100,2003,1388.342243,1388.341172,0.001071,
19,18,2003,308.574633,308.574339,0.000294,
94,143,2003,1794.269728,1794.268224,0.001504,
61,94,2003,1270.305197,1270.304205,0.000992,
62,84,2003,1210.909644,1210.90867,0.000974,
52,74,2003,1066.369312,1066.368492,0.00082,
17,24,2003,344.931561,344.931278,0.000283,
76,112,2003,1499.086879,1499.08568,0.001199,
81,123,2003,1607.525846,1607.524488,0.001358,
10,9,2003,143.78027,143.780125,0.000145,
49,82,2003,1087.145466,1087.144634,0.000832,
55,92,2003,1195.474688,1195.473825,0.000863,
38,60,2003,827.90616,827.905568,0.000592,
25,25,2003,426.634383,426.634,0.000383,
64,76,2003,1141.697463,1141.6965,0.000963,
85,127,2003,1653.242275,1653.240872,0.001403,
58,83,2003,1178.120612,1178.119719,0.000893,
46,63,2003,931.392922,931.392247,0.000675,
29,29,2003,497.110835,497.110402,0.000433,
68,104,2003,1391.557448,1391.556368,0.00108,
69,102,2003,1385.429975,1385.428833,0.001142,
72,107,2003,1438.90986,1438.908684,0.001176,
73,99,2003,1382.486343,1382.48526,0.001083,
19,27,2003,391.834618,391.834302,0.000316,
61,87,2003,1223.704631,1223.703664,0.000967,
62,95,2003,1285.425687,1285.424783,0.000904,
100,150,2003,1865.522589,1865.521,0.001589,
27,43,2003,589.512467,589.51207,0.000397,
30,36,2003,578.136417,578.135976,0.000441,
52,81,2003,1115.74856,1115.747773,0.000787,
17,17,2003,285.564923,285.564674,0.000249,
76,111,2003,1491.097318,1491.096112,0.001206,
77,119,2003,1551.177094,1551.175948,0.001146,
23,31,2003,467.74846,467.748108,0.000352,
81,124,2003,1615.071784,1615.070565,0.001219,
82,130,2003,1654.515473,1654.514144,0.001329,
49,75,2003,1043.385852,1043.385104,0.000748,
55,85,2003,1164.00718,1164.00634,0.00084,
38,55,2003,800.988515,800.987889,0.000626,
43,56,2003,852.743292,852.742638,0.000654,
65,75,2003,1129.615129,1129.61408,0.001049,
11,19,2003,225.172783,225.17262,0.000163,
85,120,2003,1601.093396,1601.092025,0.001371,
89,125,2003,1651.205405,1651.204098,0.001307,
58,90,2003,1219.570488,1219.56958,0.000908,
96,153,2003,1863.904034,1863.902448,0.001586,
46,70,2003,980.246247,980.245588,0.000659,
68,87,2003,1260.07109,1260.07002,0.00107,
73,100,2003,1391.624222,1391.623072,0.00115,
61,80,2003,1170.856457,1170.85554,0.000917,
100,157,2003,1907.505914,1907.504372,0.001542,
27,32,2003,517.313176,517.312767,0.000409,
30,47,2003,656.743831,656.743395,0.000436,
34,50,2003,727.343209,727.342644,0.000565,
76,102,2003,1420.783463,1420.782294,0.001169,
77,112,2003,1503.692502,1503.691371,0.001131,
81,117,2003,1562.246414,1562.245146,0.001268,
82,125,2003,1629.0634,1629.062055,0.001345,
49,76,2003,1051.060952,1051.06025,0.000702,
50,82,2003,1102.851481,1102.85076,0.000721,
35,49,2003,728.408382,728.407848,0.000534,
74,92,2003,1323.837969,1323.836886,0.001083,
55,82,2003,1149.287833,1149.286972,0.000861,
38,46,2003,728.905885,728.905296,0.000589,
97,149,2003,1845.689458,1845.688062,0.001396,
43,49,2003,787.855573,787.85488,0.000693,
64,90,2003,1266.626862,1266.625822,0.00104,
65,76,2003,1141.745012,1141.743975,0.001037,
11,8,2003,131.822569,131.822399,0.00017,
90,124,2003,1646.140089,1646.138718,0.001371,
96,144,2003,1810.286889,1810.28544,0.001449,
78,96,2003,1368.706491,1368.705228,0.001263,
47,69,2003,982.070914,982.070152,0.000762,
68,94,2003,1320.697472,1320.696414,0.001058,
51,62,2003,956.579681,956.5789,0.000781,
69,104,2003,1398.615894,1398.614867,0.001027,
73,109,2003,1458.302799,1458.301754,0.001045,
5,6,2003,76.204901,76.204821,8e-05,
62,73,2003,1103.980483,1103.97951,0.000973,
55,58,2003,920.734787,920.733944,0.000843,
77,105,2003,1447.791892,1447.790708,0.001184,
81,110,2003,1504.53377,1504.532594,0.001176,
82,116,2003,1560.019833,1560.018636,0.001197,
49,69,2003,1001.311539,1001.31083,0.000709,
50,77,2003,1069.439821,1069.43906,0.000761,
35,54,2003,759.537256,759.53668,0.000576,
75,95,2003,1352.366818,1352.36564,0.001178,
43,54,2003,836.497623,836.49696,0.000663,
64,81,2003,1193.199142,1193.198185,0.000957,
14,14,2003,236.537035,236.536832,0.000203,
96,151,2003,1852.977647,1852.976216,0.001431,
78,107,2003,1468.854999,1468.85375,0.001249,
47,66,2003,962.321941,962.321221,0.00072,
24,35,2003,505.323253,505.322905,0.000348,
102,155,2003,1904.290207,1904.288531,0.001676,
47,51,2003,827.280115,827.279446,0.000669,
20,23,2003,369.828648,369.828337,0.000311,
77,98,2003,1385.669609,1385.668375,0.001234,
81,103,2003,1438.638594,1438.637304,0.00129,
82,111,2003,1515.807534,1515.806174,0.00136,
50,68,2003,1004.95492,1004.954198,0.000722,
18,29,2003,391.177782,391.177522,0.00026,
91,138,2003,1747.24152,1747.240001,0.001519,
40,50,2003,783.892554,783.8919,0.000654,
43,47,2003,763.984893,763.98426,0.000633,
65,94,2003,1302.026946,1302.025878,0.001068,
14,17,2003,262.207198,262.20699,0.000208,
39,59,2003,832.945585,832.945022,0.000563,
78,114,2003,1524.963923,1524.962688,0.001235,
79,96,2003,1368.119378,1368.11815,0.001228,
26,28,2003,471.762963,471.762576,0.000387,
69,90,2003,1289.928963,1289.927886,0.001077,
56,65,2003,1003.561594,1003.56069,0.000904,
2,5,2003,28.833521,28.83349,3.1e-05,
5,8,2003,84.453301,84.453226,7.5e-05,
66,102,2003,1362.911601,1362.910584,0.001017,
47,56,2003,879.367456,879.366723,0.000733,
86,109,2003,1501.561167,1501.559865,0.001302,
20,30,2003,427.490066,427.48975,0.000316,
59,77,2003,1132.868825,1132.867896,0.000929,
23,35,2003,490.351521,490.35114,0.000381,
82,102,2003,1432.016522,1432.015328,0.001194,
32,41,2003,635.469083,635.468577,0.000506,
31,35,2003,572.179084,572.178618,0.000466,
35,36,2003,602.745237,602.744702,0.000535,
18,20,2003,327.342636,327.342374,0.000262,
40,57,2003,834.571159,834.57054,0.000619,
65,87,2003,1246.712878,1246.711904,0.000974,
14,24,2003,299.824691,299.824484,0.000207,
53,67,2003,1010.884083,1010.88324,0.000843,
39,48,2003,754.712391,754.711776,0.000615,
95,151,2003,1846.227923,1846.226556,0.001367,
78,117,2003,1545.681859,1545.680565,0.001294,
98,153,2003,1875.097537,1875.096002,0.001535,
44,61,2003,898.993378,898.992675,0.000703,
79,105,2003,1453.636892,1453.635696,0.001196,
83,106,2003,1470.606495,1470.60522,0.001275,
48,56,2003,885.839749,885.839032,0.000717,
12,22,2003,256.228209,256.228012,0.000197,
56,72,2003,1074.719554,1074.71872,0.000834,
66,97,2003,1330.377334,1330.376334,0.001,
89,128,2003,1673.141748,1673.140308,0.00144,
52,60,2003,940.607553,940.6068,0.000753,
60,76,2003,1129.958565,1129.957632,0.000933,
28,37,2003,567.85639,567.85599,0.0004,
32,32,2003,545.879569,545.879104,0.000465,
31,40,2003,618.951488,618.95102,0.000468,
35,45,2003,694.213247,694.21272,0.000527,
18,15,2003,261.655637,261.65535,0.000287,
74,112,2003,1485.882025,1485.880902,0.001123,
8,9,2003,131.762553,131.762427,0.000126,
63,86,2003,1229.785945,1229.78491,0.001035,
53,76,2003,1088.239724,1088.23884,0.000884,
36,52,2003,761.80412,761.803592,0.000528,
54,74,2003,1080.742745,1080.741888,0.000857,
39,41,2003,676.412229,676.4116,0.000629,
98,144,2003,1817.252679,1817.251084,0.001595,
79,118,2003,1559.386406,1559.385217,0.001189,
44,52,2003,826.495926,826.495296,0.00063,
83,115,2003,1552.556787,1552.555422,0.001365,
48,63,2003,947.621819,947.621097,0.000722,
12,13,2003,205.587777,205.5876,0.000177,
56,79,2003,1133.667777,1133.666955,0.000822,
86,127,2003,1657.608328,1657.606896,0.001432,
89,137,2003,1730.17999,1730.178708,0.001282,
52,59,2003,928.719885,928.719129,0.000756,
59,91,2003,1232.843698,1232.8428,0.000898,
60,75,2003,1118.901691,1118.90079,0.000901,
6,11,2003,111.479574,111.479472,0.000102,
32,39,2003,617.936649,617.936146,0.000503,
88,132,2003,1696.571755,1696.57048,0.001275,
91,145,2003,1788.292391,1788.290944,0.001447,
93,141,2003,1775.974944,1775.97342,0.001524,
63,95,2003,1293.192915,1293.191922,0.000993,
53,85,2003,1144.709108,1144.708344,0.000764,
36,51,2003,754.750093,754.749534,0.000559,
54,77,2003,1103.511871,1103.510988,0.000883,
44,51,2003,815.802365,815.80167,0.000695,
83,120,2003,1595.083756,1595.082447,0.001309,
48,54,2003,865.400332,865.39962,0.000712,
56,86,2003,1180.139638,1180.138712,0.000926,
27,26,2003,449.30168,449.301246,0.000434,
67,99,2003,1350.499354,1350.498312,0.001042,
86,118,2003,1587.252286,1587.250968,0.001318,
87,124,2003,1639.142783,1639.141473,0.00131,
91,121,2003,1618.312571,1618.311116,0.001455,
59,80,2003,1160.578873,1160.577998,0.000875,
25,32,2003,497.993594,497.993211,0.000383,
6,2,2003,24.782485,24.7824,8.5e-05,
88,139,2003,1736.164869,1736.163419,0.00145,
31,30,2003,515.188547,515.188066,0.000481,
74,98,2003,1379.471219,1379.4701,0.001119,
75,112,2003,1491.877182,1491.876089,0.001093,
40,46,2003,740.644367,740.643782,0.000585,
21,20,2003,343.137432,343.137118,0.000314,
93,134,2003,1726.870149,1726.868677,0.001472,
72,84,2003,1240.64978,1240.648656,0.001124,
54,68,2003,1027.809801,1027.809008,0.000793,
92,143,2003,1783.86461,1783.863145,0.001465,
41,49,2003,776.999221,776.99862,0.000601,
88,116,2003,1571.649141,1571.647824,0.001317,
15,22,2003,305.897911,305.897685,0.000226,
67,104,2003,1382.303908,1382.302782,0.001126,
87,117,2003,1577.87742,1577.876148,0.001272,
91,126,2003,1663.214993,1663.213643,0.00135,
60,89,2003,1230.067259,1230.066371,0.000888,
6,5,2003,73.440157,73.44007,8.7e-05,
70,102,2003,1392.763645,1392.762604,0.001041,
71,108,2003,1438.284427,1438.283258,0.001169,
74,109,2003,1465.525553,1465.52439,0.001163,
75,105,2003,1440.001916,1440.00072,0.001196,
21,29,2003,431.673786,431.67345,0.000336,
80,124,2003,1608.652449,1608.65118,0.001269,
63,77,2003,1147.683487,1147.68248,0.001007,
29,45,2003,630.596071,630.595588,0.000483,
33,42,2003,652.564262,652.56375,0.000512,
72,91,2003,1308.583118,1308.58193,0.001188,
92,134,2003,1724.814378,1724.813016,0.001362,
41,58,2003,849.311771,849.3111,0.000671,
88,123,2003,1633.366298,1633.364926,0.001372,
76,95,2003,1355.031169,1355.029992,0.001177,
45,62,2003,915.289313,915.288593,0.00072,
49,59,2003,917.483617,917.482896,0.000721,
67,81,2003,1200.154045,1200.153016,0.001029,
86,128,2003,1664.301141,1664.299828,0.001313,
87,114,2003,1550.675547,1550.674197,0.00135,
13,21,2003,267.186974,267.186756,0.000218,
92,127,2003,1672.431931,1672.430511,0.00142,
3,3,2003,31.994115,31.99407,4.5e-05,
60,80,2003,1167.296293,1167.29536,0.000933,
70,89,2003,1284.419205,1284.418059,0.001146,
90,133,2003,1710.108178,1710.10672,0.001458,
53,63,2003,972.301485,972.300632,0.000853,
71,101,2003,1389.462366,1389.461236,0.00113,
75,110,2003,1478.340984,1478.33981,0.001174,
80,115,2003,1542.320361,1542.319155,0.001206,
48,76,2003,1040.002185,1040.001392,0.000793,
29,38,2003,585.40942,585.408949,0.000471,
33,35,2003,581.931859,581.931352,0.000507,
73,84,2003,1239.715144,1239.714076,0.001068,
36,40,2003,654.270488,654.26994,0.000548,
54,86,2003,1160.729513,1160.72866,0.000853,
9,10,2003,147.801429,147.801285,0.000144,
37,55,2003,788.386972,788.386364,0.000608,
45,55,2003,857.511028,857.5103,0.000728,
66,92,2003,1294.046356,1294.04528,0.001076,
49,60,2003,927.928077,927.927355,0.000722,
67,86,2003,1247.514734,1247.513652,0.001082,
13,14,2003,224.951912,224.951715,0.000197,
3,8,2003,45.640188,45.640144,4.4e-05,
90,140,2003,1755.129166,1755.1277,0.001466,
53,56,2003,895.923446,895.922666,0.00078,
71,98,2003,1366.584389,1366.583348,0.001041,
75,103,2003,1423.67306,1423.671946,0.001114,
93,145,2003,1800.760414,1800.758932,0.001482,
80,106,2003,1467.217794,1467.216546,0.001248,
7,12,2003,132.01658,132.016465,0.000115,
48,67,2003,978.740057,978.739355,0.000702,
33,36,2003,594.19061,594.190119,0.000491,
16,28,2003,351.736827,351.736572,0.000255,
73,93,2003,1328.826234,1328.825186,0.001048,
92,148,2003,1812.426557,1812.42504,0.001517,
94,144,2003,1801.269608,1801.268252,0.001356,
106,159,2003,1943.154329,1943.15278,0.001549,
37,48,2003,739.28303,739.282485,0.000545,
24,27,2003,444.310027,444.309654,0.000373,
10,18,2003,206.92897,206.92882,0.00015,
66,87,2003,1252.427421,1252.426329,0.001092,
49,53,2003,855.649594,855.648828,0.000766,
67,95,2003,1321.184297,1321.183224,0.001073,
83,133,2003,1672.597075,1672.595784,0.001291,
64,97,2003,1314.925575,1314.924513,0.001062,
45,65,2003,935.415883,935.41514,0.000743,
28,31,2003,515.458081,515.45763,0.000451,
84,108,2003,1492.048317,1492.046976,0.001341,
71,91,2003,1304.844719,1304.84358,0.001139,
57,70,2003,1058.360158,1058.359326,0.000832,
80,97,2003,1378.817506,1378.816194,0.001312,
26,37,2003,543.698202,543.697812,0.00039,
7,5,2003,74.041401,74.041296,0.000105,
16,19,2003,298.825154,298.824925,0.000229,
72,112,2003,1470.295818,1470.294688,0.00113,
92,147,2003,1806.496454,1806.495123,0.001331,
41,45,2003,731.884034,731.883392,0.000642,
22,25,2003,407.073008,407.072687,0.000321,
51,68,2003,1010.065287,1010.064503,0.000784,
37,57,2003,798.310912,798.310322,0.00059,
42,52,2003,814.255602,814.254978,0.000624,
84,107,2003,1480.959576,1480.958228,0.001348,
87,142,2003,1744.452666,1744.451239,0.001427,
57,79,2003,1139.143195,1139.142256,0.000939,
58,71,2003,1072.112188,1072.11126,0.000928,
99,155,2003,1890.671788,1890.670336,0.001452,
54,59,2003,931.905235,931.904446,0.000789,
61,75,2003,1121.17489,1121.173936,0.000954,
30,48,2003,663.435375,663.434928,0.000447,
51,77,2003,1077.838236,1077.83744,0.000796,
34,47,2003,703.566945,703.566405,0.00054,
52,69,2003,1024.499298,1024.49853,0.000768,
42,63,2003,891.968044,891.96744,0.000604,
55,73,2003,1076.031751,1076.030848,0.000903,
84,114,2003,1547.878373,1547.877078,0.001295,
85,108,2003,1491.412185,1491.410974,0.001211,
50,62,2003,953.532221,953.531488,0.000733,
87,135,2003,1707.420266,1707.418872,0.001394,
57,80,2003,1148.278221,1148.277282,0.000939,
58,78,2003,1138.792249,1138.791376,0.000873,
4,6,2003,64.977177,64.97711,6.7e-05,
80,95,2003,1357.88316,1357.881875,0.001285,
46,50,2003,815.088607,815.087904,0.000703,
73,112,2003,1477.479675,1477.47845,0.001225,
62,82,2003,1195.737086,1195.736112,0.000974,
51,82,2003,1112.528893,1112.528109,0.000784,
34,38,2003,622.429972,622.429488,0.000484,
52,76,2003,1081.439463,1081.43872,0.000743,
37,43,2003,688.931963,688.93136,0.000603,
10,15,2003,196.067692,196.067525,0.000167,
85,132,2003,1680.58212,1680.580804,0.001316,
55,70,2003,1049.973995,1049.973125,0.00087,
38,58,2003,818.056821,818.056224,0.000597,
25,23,2003,397.188364,397.188,0.000364,
84,121,2003,1606.413186,1606.41198,0.001206,
85,117,2003,1574.498773,1574.497484,0.001289,
50,57,2003,903.091164,903.090379,0.000785,
57,89,2003,1202.942376,1202.94145,0.000926,
58,73,2003,1091.682722,1091.681819,0.000903,
46,53,2003,845.260887,845.260218,0.000669,
68,98,2003,1351.571719,1351.570672,0.001047,
72,101,2003,1395.421801,1395.420768,0.001033,
19,21,2003,341.523593,341.52332,0.000273,
94,140,2003,1774.799485,1774.798038,0.001447,
22,34,2003,473.71926,473.718896,0.000364,
61,93,2003,1263.759036,1263.758034,0.001002,
62,85,2003,1217.251157,1217.250258,0.000899,
30,34,2003,559.097949,559.097472,0.000477,
52,75,2003,1072.657154,1072.656351,0.000803,
76,113,2003,1505.007151,1505.006055,0.001096,
81,122,2003,1600.869748,1600.868556,0.001192,
49,81,2003,1080.826956,1080.82624,0.000716,
38,61,2003,831.517493,831.516939,0.000554,
97,154,2003,1874.78687,1874.785264,0.001606,
25,24,2003,413.551837,413.551474,0.000363,
64,77,2003,1151.210732,1151.209728,0.001004,
85,126,2003,1648.196915,1648.195694,0.001221,
89,123,2003,1634.213224,1634.211752,0.001472,
58,80,2003,1156.035074,1156.034142,0.000932,
46,60,2003,909.474855,909.47417,0.000685,
29,28,2003,484.687038,484.686618,0.00042,
69,101,2003,1377.943676,1377.94265,0.001026,
72,108,2003,1446.29764,1446.29658,0.00106,
73,98,2003,1374.805321,1374.804261,0.00106,
19,26,2003,384.953163,384.95286,0.000303,
61,86,2003,1217.809351,1217.808417,0.000934,
62,92,2003,1266.939903,1266.938904,0.000999,
27,42,2003,585.800541,585.800133,0.000408,
100,151,2003,1871.680848,1871.67939,0.001458,
30,37,2003,585.188749,585.188318,0.000431,
52,82,2003,1123.43477,1123.434024,0.000746,
17,16,2003,274.057261,274.057014,0.000247,
76,104,2003,1437.738769,1437.73758,0.001189,
77,118,2003,1545.357169,1545.35589,0.001279,
23,30,2003,461.635027,461.634664,0.000363,
81,115,2003,1546.105962,1546.104644,0.001318,
82,131,2003,1658.223715,1658.222466,0.001249,
49,74,2003,1037.863991,1037.863176,0.000815,
55,84,2003,1159.585785,1159.584982,0.000803,
38,52,2003,782.631559,782.631,0.000559,
97,147,2003,1832.79976,1832.798192,0.001568,
43,59,2003,874.199769,874.199058,0.000711,
11,18,2003,222.797552,222.797372,0.00018,
89,124,2003,1643.408091,1643.406612,0.001479,
58,91,2003,1223.94613,1223.945153,0.000977,
96,154,2003,1869.736464,1869.735,0.001464,
46,71,2003,984.887175,984.886461,0.000714,
73,107,2003,1444.663104,1444.662,0.001104,
27,35,2003,540.730222,540.729776,0.000446,
30,44,2003,639.516416,639.515918,0.000498,
34,51,2003,731.890965,731.89046,0.000505,
76,103,2003,1428.328695,1428.327457,0.001238,
77,111,2003,1495.496191,1495.495068,0.001123,
23,23,2003,390.359976,390.359634,0.000342,
81,116,2003,1555.021809,1555.020485,0.001324,
82,122,2003,1607.507276,1607.505924,0.001352,
49,67,2003,986.188576,986.187804,0.000772,
50,83,2003,1105.321226,1105.32044,0.000786,
35,48,2003,721.546659,721.546141,0.000518,
74,93,2003,1332.106055,1332.104892,0.001163,
38,47,2003,737.435937,737.43535,0.000587,
97,148,2003,1839.771131,1839.76968,0.001451,
43,48,2003,776.833773,776.833148,0.000625,
64,91,2003,1273.062082,1273.061035,0.001047,
11,11,2003,174.145766,174.145598,0.000168,
90,125,2003,1653.996641,1653.995215,0.001426,
96,145,2003,1816.380216,1816.378681,0.001535,
78,97,2003,1377.148744,1377.147625,0.001119,
43,65,2003,914.014891,914.01426,0.000631,
47,68,2003,976.418905,976.418195,0.00071,
68,95,2003,1327.600244,1327.59914,0.001104,
69,87,2003,1261.984439,1261.983372,0.001067,
73,108,2003,1452.239861,1452.238658,0.001203,
5,5,2003,64.750783,64.75071,7.3e-05,
62,78,2003,1156.93582,1156.9348,0.00102,
47,53,2003,848.51052,848.5098,0.00072,
77,104,2003,1440.140677,1440.139532,0.001145,
81,109,2003,1494.514703,1494.5134,0.001303,
82,117,2003,1567.26893,1567.267683,0.001247,
49,68,2003,994.954917,994.954194,0.000723,
50,74,2003,1049.963519,1049.962684,0.000835,
35,57,2003,771.759734,771.759204,0.00053,
75,94,2003,1343.763593,1343.762433,0.00116,
38,38,2003,637.935397,637.934804,0.000593,
64,82,2003,1204.436277,1204.435322,0.000955,
14,15,2003,245.010602,245.010386,0.000216,
39,61,2003,843.915108,843.9145,0.000608,
78,104,2003,1444.127181,1444.125956,0.001225,
24,36,2003,512.006957,512.00658,0.000377,
61,97,2003,1286.638581,1286.637608,0.000973,
102,152,2003,1885.592501,1885.590844,0.001657,
47,50,2003,816.967425,816.966689,0.000736,
30,30,2003,514.99685,514.99638,0.00047,
20,16,2003,281.360142,281.359836,0.000306,
77,97,2003,1375.038407,1375.037262,0.001145,
23,37,2003,498.862682,498.86232,0.000362,
81,102,2003,1430.269495,1430.268342,0.001153,
82,108,2003,1489.816026,1489.8147,0.001326,
50,69,2003,1011.43854,1011.437763,0.000777,
31,37,2003,591.683413,591.68296,0.000453,
18,26,2003,373.729046,373.728784,0.000262,
91,141,2003,1765.405608,1765.404232,0.001376,
40,51,2003,791.087009,791.086387,0.000622,
65,93,2003,1293.893796,1293.89281,0.000986,
14,22,2003,292.097289,292.097052,0.000237,
39,58,2003,828.66454,828.663919,0.000621,
78,115,2003,1531.21939,1531.218189,0.001201,
79,99,2003,1397.216397,1397.215272,0.001125,
26,29,2003,481.061193,481.0608,0.000393,
44,71,2003,960.207306,960.206645,0.000661,
47,74,2003,1014.520876,1014.520144,0.000732,
69,89,2003,1279.990441,1279.989442,0.000999,
56,66,2003,1015.499077,1015.498232,0.000845,
2,2,2003,28.29569,28.29566,3e-05,
66,103,2003,1368.021843,1368.020862,0.000981,
47,59,2003,905.727384,905.726646,0.000738,
52,54,2003,873.092808,873.092002,0.000806,
20,31,2003,431.853803,431.853516,0.000287,
59,76,2003,1124.406154,1124.40528,0.000874,
23,34,2003,486.260202,486.259818,0.000384,
82,103,2003,1440.583764,1440.58242,0.001344,
32,42,2003,645.665304,645.6648,0.000504,
31,34,2003,563.040512,563.04001,0.000502,
35,39,2003,635.201949,635.201422,0.000527,
18,21,2003,333.941414,333.941127,0.000287,
91,130,2003,1692.189737,1692.188381,0.001356,
40,58,2003,840.982757,840.9821,0.000657,
65,86,2003,1239.546874,1239.545863,0.001011,
14,25,2003,301.90053,301.900326,0.000204,
53,66,2003,1002.788708,1002.787891,0.000817,
39,51,2003,782.395084,782.39448,0.000604,
95,150,2003,1841.251499,1841.24997,0.001529,
78,122,2003,1579.84444,1579.8432,0.00124,
98,150,2003,1857.778434,1857.776928,0.001506,
44,62,2003,907.459121,907.458474,0.000647,
79,104,2003,1445.433758,1445.432454,0.001304,
83,109,2003,1498.305221,1498.303872,0.001349,
48,57,2003,894.266496,894.265785,0.000711,
56,73,2003,1082.453913,1082.453061,0.000852,
89,135,2003,1718.112848,1718.11136,0.001488,
52,61,2003,949.724634,949.723868,0.000766,
59,69,2003,1053.301798,1053.300864,0.000934,
60,77,2003,1138.410768,1138.409857,0.000911,
28,38,2003,576.807941,576.807528,0.000413,
32,33,2003,556.015631,556.015135,0.000496,
31,43,2003,641.074785,641.074284,0.000501,
35,44,2003,686.320971,686.3204,0.000571,
74,113,2003,1491.348569,1491.34744,0.001129,
8,10,2003,139.80658,139.80645,0.00013,
63,81,2003,1188.604438,1188.603504,0.000934,
53,75,2003,1079.402978,1079.402112,0.000866,
36,53,2003,766.909923,766.909351,0.000572,
54,75,2003,1087.65141,1087.6506,0.00081,
39,40,2003,665.479702,665.479094,0.000608,
79,113,2003,1520.665249,1520.664,0.001249,
44,53,2003,834.607424,834.606721,0.000703,
83,114,2003,1544.803617,1544.802292,0.001325,
12,14,2003,216.680851,216.680672,0.000179,
56,80,2003,1142.775518,1142.77468,0.000838,
86,124,2003,1637.294029,1637.29272,0.001309,
89,136,2003,1724.780666,1724.77935,0.001316,
56,63,2003,981.266289,981.265432,0.000857,
59,90,2003,1227.525267,1227.524282,0.000985,
6,8,2003,105.284559,105.284466,9.3e-05,
88,133,2003,1701.95203,1701.950614,0.001416,
91,144,2003,1783.236943,1783.23546,0.001483,
93,140,2003,1769.910522,1769.909008,0.001514,
40,40,2003,669.929153,669.92856,0.000593,
63,94,2003,1287.377354,1287.37645,0.000904,
53,84,2003,1140.80972,1140.808864,0.000856,
54,66,2003,1008.484611,1008.48384,0.000771,
83,123,2003,1617.785775,1617.784538,0.001237,
48,55,2003,874.44321,874.442499,0.000711,
56,87,2003,1184.323545,1184.322711,0.000834,
27,29,2003,486.910162,486.909752,0.00041,
67,98,2003,1344.255713,1344.25467,0.001043,
86,119,2003,1595.053416,1595.05211,0.001306,
87,127,2003,1660.157427,1660.156146,0.001281,
59,83,2003,1183.762216,1183.761274,0.000942,
25,39,2003,539.622717,539.622336,0.000381,
6,3,2003,39.037372,39.037284,8.8e-05,
88,140,2003,1742.47338,1742.471988,0.001392,
70,108,2003,1431.629569,1431.628546,0.001023,
74,99,2003,1387.172734,1387.171609,0.001125,
75,115,2003,1510.441748,1510.44053,0.001218,
40,47,2003,750.259485,750.258855,0.00063,
21,19,2003,326.94695,326.94664,0.00031,
54,69,2003,1035.774669,1035.773898,0.000771,
92,136,2003,1739.061141,1739.05974,0.001401,
41,48,2003,766.922024,766.921366,0.000658,
88,117,2003,1579.935725,1579.934385,0.00134,
15,17,2003,270.852395,270.85216,0.000235,
87,116,2003,1569.553255,1569.551949,0.001306,
60,90,2003,1237.447365,1237.44645,0.000915,
25,40,2003,545.75003,545.74962,0.00041,
22,29,T,444.157186,444.1568787935272,0.000307,
22,33,T,468.543157,468.54284919352716,0.000308,
22,31,T,457.449822,457.4495139935272,0.000308,
22,32,T,464.383839,464.3835315935272,0.000307,
22,30,T,451.975904,451.97559639352716,0.000308,
20,37,R,451.788459,451.7881770122974,0.000282,
20,36,R,449.857141,449.8568594122974,0.000282,
20,35,R,446.925823,446.9255418122974,0.000281,
60,100,O,1291.195881,1291.1950374368923,0.000844,
29,50,O,657.354456,657.3540474278312,0.000409,
60,99,O,1286.123563,1286.1227198368922,0.000843,
101,148,O,1853.483519,1853.4821051521021,0.001414,
99,147,O,1840.281231,1840.2798449708723,0.001386,
62,101,O,1317.719768,1317.7188976181221,0.00087,
37,64,O,828.814785,828.8142641527503,0.000521,
101,149,O,1860.341837,1860.340422752102,0.001414,
37,65,O,831.581103,831.5805817527503,0.000521,
101,151,O,1874.489472,1874.488057952102,0.001414,
29,48,O,647.66662,647.6662122278312,0.000408,
62,102,O,1323.116786,1323.1159152181222,0.000871,
65,99,J,1334.934517,1334.9336062899667,0.000911,
63,100,J,1322.757515,1322.756631308737,0.000884,
62,100,J,1313.42984,1313.428970018122,0.00087,
60,98,J,1282.225405,1282.2245622368923,0.000843,
64,102,J,1344.156636,1344.1557377993518,0.000898,
61,97,J,1286.650282,1286.649425927507,0.000856,
64,101,J,1338.220528,1338.2196301993517,0.000898,
64,100,J,1333.32056,1333.319662599352,0.000897,
63,99,J,1316.924197,1316.923313708737,0.000883,
64,99,J,1326.893362,1326.892464999352,0.000897,
61,99,J,1296.539978,1296.539121127507,0.000857,
60,96,J,1272.395779,1272.3949370368923,0.000842,
